source_value,frequency,concept_id,concept_name,domain,vocabulary
Normal sinus rhythm,1319165.0,4276669,Normal sinus rhythm,Condition,SNOMED
Normal ECG,882369.0,4276669,Normal sinus rhythm,Condition,SNOMED
Abnormal ECG,742922.0,320536,Electrocardiogram abnormal,Condition,SNOMED
Otherwise normal ECG,277949.0,4276669,Normal sinus rhythm,Condition,SNOMED
Sinus bradycardia,269482.0,4171683,Sinus bradycardia,Condition,SNOMED
Prolonged QT,113124.0,4008859,Prolonged QT interval,Condition,SNOMED
Sinus tachycardia,89825.0,4007310,Sinus tachycardia,Condition,SNOMED
Left axis deviation,89777.0,4215406,Left axis deviation,Condition,SNOMED
Nonspecific T wave abnormality,82223.0,4065390,EKG: T wave abnormal,Condition,SNOMED
Right bundle branch block,81016.0,314059,Right bundle branch block,Condition,SNOMED
Atrial fibrillation,78552.0,313217,Atrial fibrillation,Condition,SNOMED
Sinus rhythm with 1st degree A-V block,48971.0,314379,First degree atrioventricular block,Condition,SNOMED
"Inferior infarct , age undetermined",43177.0,4247796,Inferior myocardial infarction on electrocardiogram,Condition,SNOMED
Possible Left atrial enlargement,41283.0,43022066,Left atrial enlargement,Condition,SNOMED
Incomplete right bundle branch block,41237.0,4088338,Incomplete right bundle branch block,Condition,SNOMED
Low voltage QRS,39473.0,4088499,Low QRS voltages,Condition,SNOMED
Normal sinus rhythm with sinus arrhythmia,32654.0,4276669,Normal sinus rhythm,Condition,SNOMED
Nonspecific ST and T wave abnormality,31478.0,4327859,Nonspecific ST-T abnormality on electrocardiogram,Condition,SNOMED
Premature ventricular complexes,31060.0,4089462,Ventricular premature complex,Condition,SNOMED
Nonspecific ST abnormality,30946.0,4184762,EKG ST segment changes,Condition,SNOMED
Left ventricular hypertrophy with repolarization abnormality,29792.0,4184746,Left ventricular hypertrophy,Condition,SNOMED
Marked sinus bradycardia,23188.0,4171683,Sinus bradycardia,Condition,SNOMED
Atrial fibrillation with rapid ventricular response,21052.0,44782442,Atrial fibrillation with rapid ventricular response,Condition,SNOMED
"T wave abnormality , consider lateral ischemia",20992.0,4137879,EKG: lateral ischemia,Condition,SNOMED
Left anterior fascicular block,20365.0,4295336,Left anterior fascicular block,Condition,SNOMED
Early repolarization,19427.0,4326509,Early repolarization,Condition,SNOMED
"Septal infarct , age undetermined",18929.0,4030021,Septal infarction by electrocardiogram,Condition,SNOMED
Sinus bradycardia with 1st degree A-V block,16182.0,4171683,Sinus bradycardia,Condition,SNOMED
Sinus rhythm with occasional,16025.0,4091898,Sinus rhythm,Condition,SNOMED
"ST & T wave abnormality , consider lateral ischemia",15915.0,4137879,EKG: lateral ischemia,Condition,SNOMED
"T wave abnormality , consider anterior ischemia",15578.0,4139185,EKG: anterior ischemia,Condition,SNOMED
"Possible Inferior infarct , age undetermined",15548.0,4247796,Inferior myocardial infarction on electrocardiogram,Condition,SNOMED
Right axis deviation,13696.0,4166218,Right axis deviation,Condition,SNOMED
Possible Right ventricular hypertrophy,13685.0,4231591,Right ventricular hypertrophy,Condition,SNOMED
"ST & T wave abnormality , consider anterolateral ischemia",13109.0,4139185,EKG: anterior ischemia,Condition,SNOMED
Left bundle branch block,12870.0,316998,Left bundle branch block,Condition,SNOMED
"T wave abnormality , consider inferior ischemia",12461.0,4137208,EKG: inferior ischemia,Condition,SNOMED
Left ventricular hypertrophy,11818.0,4184746,Left ventricular hypertrophy,Condition,SNOMED
"Cannot rule out Inferior infarct , age undetermined",11583.0,4247796,Inferior myocardial infarction on electrocardiogram,Condition,SNOMED
Non-specific intra-ventricular conduction block,11467.0,44784220,Non-specific intraventricular conduction delay,Condition,SNOMED
Non-specific intra-ventricular conduction delay,11337.0,44784220,Non-specific intraventricular conduction delay,Condition,SNOMED
Electronic ventricular Pacemaker,11315.0,4138896,Cardiac pacemaker active on electrocardiogram,Condition,SNOMED
Right atrial enlargement,11214.0,43021828,Right atrial enlargement,Condition,SNOMED
Sinus rhythm with Premature atrial complexes,10902.0,4091898,Sinus rhythm,Condition,SNOMED
Left ventricular hypertrophy with QRS widening,10774.0,4184746,Left ventricular hypertrophy,Condition,SNOMED
*** ** ** ** * ACUTE MI ** ** ** **,10503.0,312327,Acute myocardial infarction,Condition,SNOMED
Atrial flutter with variable A-V block,10398.0,314665,Atrial flutter,Condition,SNOMED
"Abnormal QRS-T angle, consider primary T wave abnormality",10275.0,4065390,EKG: T wave abnormal,Condition,SNOMED
tachycardia,10240.0,444070,Tachycardia,Condition,SNOMED
Sinus bradycardia with sinus arrhythmia,10120.0,4171683,Sinus bradycardia,Condition,SNOMED
"T wave abnormality , consider anterolateral ischemia",9915.0,4139185,EKG: anterior ischemia,Condition,SNOMED
"ST & T wave abnormality , consider inferior ischemia",9639.0,4137208,EKG: inferior ischemia,Condition,SNOMED
Atrial fibrillation with premature ventricular or aberrantly conducted complexes,9544.0,313217,Atrial fibrillation,Condition,SNOMED
"Cannot rule out Anterior infarct , age undetermined",9538.0,4180609,Anterior myocardial infarction on electrocardiogram,Condition,SNOMED
Atrial fibrillation with slow ventricular response,9151.0,313217,Atrial fibrillation,Condition,SNOMED
*** Bifascicular block ***,8791.0,4250169,Bifascicular block,Condition,SNOMED
"Anteroseptal infarct , age undetermined",8356.0,4064610,ECG: antero-septal infarct,Condition,SNOMED
Sinus rhythm with frequent,8196.0,4091898,Sinus rhythm,Condition,SNOMED
Sinus rhythm with short PR,7906.0,4171521,Shortened PR interval,Condition,SNOMED
Right ventricular hypertrophy,7857.0,4231591,Right ventricular hypertrophy,Condition,SNOMED
Sinus rhythm with 1st degree AV block,7727.0,314379,First degree atrioventricular block,Condition,SNOMED
"ST & T wave abnormality , consider anterior ischemia",7222.0,4139185,EKG: anterior ischemia,Condition,SNOMED
negative T-wave (anterior),6434.0,45767549,Anterior T wave inversion,Condition,SNOMED
"Possible Lateral infarct , age undetermined",5954.0,4064350,ECG: lateral infarction,Condition,SNOMED
Left ventricular hypertrophy with QRS widening and repolarization abnormality,5903.0,4184746,Left ventricular hypertrophy,Condition,SNOMED
"Lateral infarct , age undetermined",5865.0,4064350,ECG: lateral infarction,Condition,SNOMED
"Anterior infarct , age undetermined",5660.0,4180609,Anterior myocardial infarction on electrocardiogram,Condition,SNOMED
Accelerated Junctional rhythm,5444.0,4145359,EKG: accelerated junctional rhythm,Condition,SNOMED
"ST elevation, consider early repolarization",5305.0,4295129,ST segment elevation,Condition,SNOMED
Atrial fibrillation with rapid ventricular response with premature ventricular or aberrantly conducted complexes,5227.0,44782442,Atrial fibrillation with rapid ventricular response,Condition,SNOMED
Left posterior fascicular block,5139.0,4268046,Left posterior fascicular block,Condition,SNOMED
*** ** ** ** * ACUTE MI ** ** ** ** / STEMI ** **,5089.0,312327,Acute myocardial infarction,Condition,SNOMED
"ST abnormality, possible digitalis effect",4875.0,4184762,EKG ST segment changes,Condition,SNOMED
"Nonspecific T wave abnormality , probably digitalis effect",4770.0,4065390,EKG: T wave abnormal,Condition,SNOMED
"ST & T wave abnormality , consider inferolateral ischemia",4768.0,4137208,EKG: inferior ischemia,Condition,SNOMED
"Nonspecific ST and T wave abnormality , probably digitalis effect",4764.0,4327859,Nonspecific ST-T abnormality on electrocardiogram,Condition,SNOMED
"Anterolateral infarct , age undetermined",4756.0,4184348,Anterolateral infarction by electrocardiogram,Condition,SNOMED
Possible Biventricular hypertrophy,4756.0,4145489,Ventricular hypertrophy,Condition,SNOMED
ST-segment elevation (anterior),4690.0,45767556,Anterior ST segment elevation,Condition,SNOMED
Sinus rhythm with marked sinus arrhythmia,4684.0,4088347,Marked sinus arrhythmia,Condition,SNOMED
"Unusual P axis, possible ectopic atrial rhythm",4466.0,4181676,P wave axis - finding,Condition,SNOMED
occasional premature ventricular complexes,4453.0,4089462,Ventricular premature complex,Condition,SNOMED
Junctional rhythm,4406.0,4038688,AV junctional rhythm,Condition,SNOMED
premature ventricular complexes,4367.0,4089462,Ventricular premature complex,Condition,SNOMED
ST & Marked T wave abnormality consider anterolateral ischemia,4362.0,4139185,EKG: anterior ischemia,Condition,SNOMED
Atrial fibrillation with a competing junctional Pacemaker,4258.0,313217,Atrial fibrillation,Condition,SNOMED
Sinus rhythm with Premature supraventricular complexes,4206.0,4091898,Sinus rhythm,Condition,SNOMED
Sinus bradycardia with 1st degree AV block,4161.0,4171683,Sinus bradycardia,Condition,SNOMED
"ST elevation, probably due to early repolarization",4107.0,4295129,ST segment elevation,Condition,SNOMED
Nonspecific intraventricular conduction delay,3799.0,44784220,Non-specific intraventricular conduction delay,Condition,SNOMED
Sinus rhythm with sinus arrhythmia,3613.0,4091898,Sinus rhythm,Condition,SNOMED
complete Right bundle branch block,3592.0,37017194,EKG: complete right bundle branch block,Condition,SNOMED
left anterior hemiblock,3468.0,4295336,Left anterior fascicular block,Condition,SNOMED
"T wave abnormality , consider inferolateral ischemia",3466.0,4137208,EKG: inferior ischemia,Condition,SNOMED
occasional premature supraventr. complexes,3459.0,441872,Supraventricular premature beats,Condition,SNOMED
Possible Left ventricular hypertrophy,3459.0,4184746,Left ventricular hypertrophy,Condition,SNOMED
Left atrial enlargement,3363.0,43022066,Left atrial enlargement,Condition,SNOMED
"Cannot rule out Anteroseptal infarct , age undetermined",3256.0,4064610,ECG: antero-septal infarct,Condition,SNOMED
"Nonspecific ST abnormality , probably digitalis effect",3203.0,4184762,EKG ST segment changes,Condition,SNOMED
"Cannot rule out Septal infarct , age undetermined",3165.0,4030021,Septal infarction by electrocardiogram,Condition,SNOMED
Ventricular-paced rhythm,3071.0,4092038,Ventricular pacing pattern,Condition,SNOMED
"Possible Anterior infarct , age undetermined",3051.0,4180609,Anterior myocardial infarction on electrocardiogram,Condition,SNOMED
Nonspecific ST-t change,2889.0,4327859,Nonspecific ST-T abnormality on electrocardiogram,Condition,SNOMED
1st degree A-V block,2875.0,314379,First degree atrioventricular block,Condition,SNOMED
AV sequential or dual chamber electronic Pacemaker,2866.0,4088998,AV sequential pacing pattern,Condition,SNOMED
Sinus tachycardia with Premature atrial complexes,2825.0,4007310,Sinus tachycardia,Condition,SNOMED
"ST & T wave abnormality , consider lateral ischemia or digitalis effect",2817.0,4137879,EKG: lateral ischemia,Condition,SNOMED
"Inferior-posterior infarct , age undetermined",2806.0,4064349,EKG:posterior/inferior infarct,Condition,SNOMED
Wide QRS rhythm,2792.0,4321877,Wide QRS complex,Condition,SNOMED
Incomplete left bundle block,2556.0,4088336,Incomplete left bundle branch block,Condition,SNOMED
Atrial-sensed ventricular-paced rhythm,2508.0,4088998,AV sequential pacing pattern,Condition,SNOMED
large negative T-wave (anterior),2496.0,45767549,Anterior T wave inversion,Condition,SNOMED
Sinus tachycardia with occasional,2477.0,4007310,Sinus tachycardia,Condition,SNOMED
"ST & T wave abnormality , consider inferior ischemia or digitalis effect",2421.0,4137208,EKG: inferior ischemia,Condition,SNOMED
Electronic atrial Pacemaker,2386.0,4138896,Cardiac pacemaker active on electrocardiogram,Condition,SNOMED
Biatrial enlargement,2268.0,40480657,Bilateral enlargement of atria,Condition,SNOMED
intraventricular block,2196.0,4166844,Intraventricular conduction defect,Condition,SNOMED
Consider right ventricular involvement in acute inferior infarct,2142.0,45771322,Acute myocardial infarction of inferior wall involving right ventricle,Condition,SNOMED
"ST & T wave abnormality , consider anterolateral ischemia or digitalis effect",2104.0,4139185,EKG: anterior ischemia,Condition,SNOMED
"Prolonged QT , may be secondary to QRS abnormality",2092.0,4008859,Prolonged QT interval,Condition,SNOMED
Indeterminate axis,2040.0,4092017,Indeterminate cardiac axis,Condition,SNOMED
"Junctional ST depression, probably normal",2025.0,4038688,AV junctional rhythm,Condition,SNOMED
Supraventricular tachycardia,2023.0,4275423,Supraventricular tachycardia,Condition,SNOMED
ST-segment depression (anterior),1948.0,45767559,Anterior ST segment depression,Condition,SNOMED
Marked sinus bradycardia with 1st degree A-V block,1941.0,4171683,Sinus bradycardia,Condition,SNOMED
"T wave abnormality , consider lateral ischemia or digitalis effect",1797.0,4137879,EKG: lateral ischemia,Condition,SNOMED
Nonspecific intraventricular block,1781.0,44784220,Non-specific intraventricular conduction delay,Condition,SNOMED
Sinus bradycardia with occasional,1777.0,4171683,Sinus bradycardia,Condition,SNOMED
Sinus tachycardia with 1st degree A-V block,1775.0,4007310,Sinus tachycardia,Condition,SNOMED
Sinus tachycardia with short PR,1734.0,4007310,Sinus tachycardia,Condition,SNOMED
"Unusual P axis, possible ectopic atrial bradycardia",1677.0,4181676,P wave axis - finding,Condition,SNOMED
Sinus bradycardia with marked sinus arrhythmia,1596.0,4171683,Sinus bradycardia,Condition,SNOMED
Marked T wave abnormality consider anterolateral ischemia,1585.0,4139185,EKG: anterior ischemia,Condition,SNOMED
Right ventricular hypertrophy with repolarization abnormality,1570.0,4231591,Right ventricular hypertrophy,Condition,SNOMED
"T wave abnormality , consider inferior ischemia or digitalis effect",1567.0,4137208,EKG: inferior ischemia,Condition,SNOMED
complete Left bundle branch block,1448.0,37118682,ECG complete left bundle branch block,Condition,SNOMED
Marked sinus bradycardia with sinus arrhythmia,1420.0,4171683,Sinus bradycardia,Condition,SNOMED
"ST & T wave abnormality , consider inferolateral ischemia or digitalis effect",1417.0,4137208,EKG: inferior ischemia,Condition,SNOMED
"Possible Anterolateral infarct , age undetermined",1409.0,4184348,Anterolateral infarction by electrocardiogram,Condition,SNOMED
Atrial flutter with variable A-V block with premature ventricular or aberrantly conducted complexes,1400.0,314665,Atrial flutter,Condition,SNOMED
Sinus rhythm with 1st degree A-V block with occasional,1373.0,314379,First degree atrioventricular block,Condition,SNOMED
Sinus bradycardia with Premature atrial complexes,1351.0,4171683,Sinus bradycardia,Condition,SNOMED
Atrial flutter with 2:1 A-V conduction,1251.0,314665,Atrial flutter,Condition,SNOMED
Sinus tachycardia with frequent,1228.0,4007310,Sinus tachycardia,Condition,SNOMED
AV dual-paced rhythm,1197.0,4088998,AV sequential pacing pattern,Condition,SNOMED
Sinus rhythm with 1st degree A-V block with Premature atrial complexes,1181.0,314379,First degree atrioventricular block,Condition,SNOMED
Sinus rhythm with sinus arrhythmia with 1st degree A-V block,1181.0,4091898,Sinus rhythm,Condition,SNOMED
"Right bundle branch block , plus Right ventricular hypertrophy",1151.0,314059,Right bundle branch block,Condition,SNOMED
ventricular-paced complexes,1111.0,4092038,Ventricular pacing pattern,Condition,SNOMED
Atrial flutter,1103.0,314665,Atrial flutter,Condition,SNOMED
Sinus tachycardia with Premature supraventricular complexes,1102.0,4007310,Sinus tachycardia,Condition,SNOMED
asystole,1089.0,4146418,EKG: asystole,Condition,SNOMED
Atrial flutter with 4:1 A-V conduction,1067.0,314665,Atrial flutter,Condition,SNOMED
Premature atrial complexes,1067.0,4115173,Atrial premature complex,Condition,SNOMED
short PR interval,1061.0,4171521,Shortened PR interval,Condition,SNOMED
"ST & T wave abnormality , consider anterior ischemia or digitalis effect",1053.0,4139185,EKG: anterior ischemia,Condition,SNOMED
Sinus bradycardia with short PR,1043.0,4171683,Sinus bradycardia,Condition,SNOMED
ST-segment elevation (inferior),1034.0,45767555,Inferior ST segment elevation,Condition,SNOMED
Wolff-Parkinson-White syndrome,1026.0,4253363,Wolff-Parkinson-White pattern,Condition,SNOMED
Sinus rhythm with premature atrial complexes,1024.0,4091898,Sinus rhythm,Condition,SNOMED
bradycardia,972.0,4169095,Bradycardia,Condition,SNOMED
Premature ventricular complexes and Premature atrial complexes,953.0,4089462,Ventricular premature complex,Condition,SNOMED
Junctional bradycardia,937.0,4169095,Bradycardia,Condition,SNOMED
Normal sinus rhythm with 1st degree A-V block,912.0,4276669,Normal sinus rhythm,Condition,SNOMED
Atrial fibrillation with slow ventricular response with premature ventricular or aberrantly conducted complexes,847.0,313217,Atrial fibrillation,Condition,SNOMED
Atrial fibrillation with slow ventricular response with a competing junctional Pacemaker,843.0,313217,Atrial fibrillation,Condition,SNOMED
Atrial-paced rhythm with prolonged AV conduction,842.0,4089488,Atrial pacing pattern,Condition,SNOMED
Sinus rhythm with sinus arrhythmia with occasional,767.0,4091898,Sinus rhythm,Condition,SNOMED
"T wave abnormality , consider anterior ischemia or digitalis effect",739.0,4139185,EKG: anterior ischemia,Condition,SNOMED
Atrial-paced rhythm,734.0,4089488,Atrial pacing pattern,Condition,SNOMED
Biventricular hypertrophy,685.0,4145489,Ventricular hypertrophy,Condition,SNOMED
"Marked T wave abnormality , consider lateral ischemia",661.0,4137879,EKG: lateral ischemia,Condition,SNOMED
ST-segment depression (inferior),659.0,45767547,Inferior ST segment depression,Condition,SNOMED
Cannot rule out Inferior infarct,650.0,4247796,Inferior myocardial infarction on electrocardiogram,Condition,SNOMED
Sinus rhythm with 2nd degree A-V block (Mobitz I),631.0,4091898,Sinus rhythm,Condition,SNOMED
AV dual-paced rhythm with prolonged AV conduction,616.0,4088998,AV sequential pacing pattern,Condition,SNOMED
Atrial-sensed ventricular-paced rhythm with prolonged AV conduction,615.0,4088998,AV sequential pacing pattern,Condition,SNOMED
Sinus rhythm with 1st degree A-V block with frequent,584.0,314379,First degree atrioventricular block,Condition,SNOMED
Marked sinus bradycardia with 1st degree AV block,582.0,4171683,Sinus bradycardia,Condition,SNOMED
Wide QRS tachycardia,582.0,4321877,Wide QRS complex,Condition,SNOMED
Normal sinus rhythm with occasional,575.0,4276669,Normal sinus rhythm,Condition,SNOMED
Sinus bradycardia with frequent,574.0,4171683,Sinus bradycardia,Condition,SNOMED
Sinus rhythm with marked sinus arrhythmia with 1st degree A-V block,573.0,4088347,Marked sinus arrhythmia,Condition,SNOMED
"T wave abnormality , consider inferolateral ischemia or digitalis effect",541.0,4137208,EKG: inferior ischemia,Condition,SNOMED
"Unusual P axis, possible ectopic atrial tachycardia",539.0,4181676,P wave axis - finding,Condition,SNOMED
"Marked T-wave abnormality, consider inferolateral ischemia",537.0,4137208,EKG: inferior ischemia,Condition,SNOMED
Inferior infarct,533.0,4247796,Inferior myocardial infarction on electrocardiogram,Condition,SNOMED
"T wave abnormality , consider anterolateral ischemia or digitalis effect",532.0,4139185,EKG: anterior ischemia,Condition,SNOMED
Sinus bradycardia with sinus arrhythmia with 1st degree A-V block,528.0,4171683,Sinus bradycardia,Condition,SNOMED
ventricular bigeminy,523.0,4008580,Ventricular bigeminy,Condition,SNOMED
Premature supraventricular complexes,522.0,441872,Supraventricular premature beats,Condition,SNOMED
Pacemaker detected,517.0,4181993,Finding of cardiac pacemaker electrocardiographic pattern,Condition,SNOMED
Sinus rhythm with Premature ventricular complexes or Fusion complexes,510.0,4091898,Sinus rhythm,Condition,SNOMED
Sinus rhythm with 1st degree A-V block with Premature supraventricular complexes,501.0,314379,First degree atrioventricular block,Condition,SNOMED
"ST & Marked T-wave abnormality, consider inferolateral ischemia",463.0,4137208,EKG: inferior ischemia,Condition,SNOMED
Sinus bradycardia with Premature supraventricular complexes,460.0,4171683,Sinus bradycardia,Condition,SNOMED
Ventricular-paced rhythm with occasional,447.0,4092038,Ventricular pacing pattern,Condition,SNOMED
ST-segment elevation (lateral),443.0,45767554,Lateral ST segment elevation,Condition,SNOMED
"ST-segment elevation (lateral, anterior)",431.0,45772774,Anterior and lateral ST segment elevation,Condition,SNOMED
Sinus rhythm with premature supraventricular complexes,430.0,4091898,Sinus rhythm,Condition,SNOMED
"ST & Marked T wave abnormality , consider lateral ischemia",427.0,4137879,EKG: lateral ischemia,Condition,SNOMED
"Incomplete right bundle branch block , plus Right ventricular hypertrophy",407.0,4088338,Incomplete right bundle branch block,Condition,SNOMED
Sinus tachycardia with 2nd degree A-V block (Mobitz I),405.0,4007310,Sinus tachycardia,Condition,SNOMED
Accelerated Junctional rhythm with occasional,388.0,4145359,EKG: accelerated junctional rhythm,Condition,SNOMED
Atrial fibrillation with frequent,369.0,313217,Atrial fibrillation,Condition,SNOMED
Marked sinus bradycardia with marked sinus arrhythmia,363.0,4171683,Sinus bradycardia,Condition,SNOMED
Wolff-Parkinson-White,359.0,4253363,Wolff-Parkinson-White pattern,Condition,SNOMED
Incomplete left bundle branch block,341.0,4088336,Incomplete left bundle branch block,Condition,SNOMED
Wide QRS rhythm with occasional,336.0,4321877,Wide QRS complex,Condition,SNOMED
Sinus rhythm with marked sinus arrhythmia with occasional,318.0,4088347,Marked sinus arrhythmia,Condition,SNOMED
Sinus rhythm,317.0,4091898,Sinus rhythm,Condition,SNOMED
"ST & Marked T wave abnormality , consider anterolateral ischemia",315.0,4139185,EKG: anterior ischemia,Condition,SNOMED
Atrial fibrillation with occasional,309.0,313217,Atrial fibrillation,Condition,SNOMED
Sinus rhythm with sinus arrhythmia with short PR,308.0,4091898,Sinus rhythm,Condition,SNOMED
Possible Inferior infarct,307.0,4247796,Inferior myocardial infarction on electrocardiogram,Condition,SNOMED
"ST & Marked T wave abnormality , consider anterior ischemia",286.0,4139185,EKG: anterior ischemia,Condition,SNOMED
Marked sinus bradycardia with frequent,276.0,4171683,Sinus bradycardia,Condition,SNOMED
"Possible Anteroseptal infarct , age undetermined",274.0,4064610,Anteroseptal infarction on electrocardiogram,Condition,SNOMED
Sinus rhythm with premature ventricular complexes or fusion complexes,274.0,4091898,Sinus rhythm,Condition,SNOMED
Sinus rhythm with Premature supraventricular complexes with occasional,258.0,4091898,Sinus rhythm,Condition,SNOMED
"Marked T wave abnormality , consider anterior ischemia",255.0,4139185,EKG: anterior ischemia,Condition,SNOMED
Sinus bradycardia with marked sinus arrhythmia with 1st degree A-V block,251.0,4171683,Sinus bradycardia,Condition,SNOMED
Sinus bradycardia with premature atrial complexes,251.0,4171683,Sinus bradycardia,Condition,SNOMED
Sinus rhythm with 2nd degree A-V block with 2:1 A-V conduction,247.0,4091898,Sinus rhythm,Condition,SNOMED
Accelerated Junctional rhythm with frequent,242.0,4145359,EKG: accelerated junctional rhythm,Condition,SNOMED
Normal sinus rhythm with frequent,240.0,4276669,Normal sinus rhythm,Condition,SNOMED
Sinus bradycardia with 1st degree A-V block with Premature atrial complexes,231.0,4171683,Sinus bradycardia,Condition,SNOMED
Sinus rhythm with sinus arrhythmia with frequent,228.0,4091898,Sinus rhythm,Condition,SNOMED
"Posterior infarct , age undetermined",224.0,4253065,Posterior myocardial infarction on electrocardiogram,Condition,SNOMED
Sinus tachycardia with 2nd degree A-V block with 2:1 A-V conduction,224.0,4007310,Sinus tachycardia,Condition,SNOMED
Junctional rhythm with occasional,222.0,4038688,AV junctional rhythm,Condition,SNOMED
possible Left ventricular hypertrophy,217.0,4184746,Left ventricular hypertrophy,Condition,SNOMED
Biventricular Pacemaker detected,215.0,4092038,Ventricular pacing pattern,Condition,SNOMED
WPW syndrome,209.0,4253363,Wolff-Parkinson-White pattern,Condition,SNOMED
Idioventricular rhythm,201.0,4138336,ECG: idioventricular rhythm,Condition,SNOMED
Sinus bradycardia with 1st degree A-V block with occasional,194.0,4171683,Sinus bradycardia,Condition,SNOMED
Sinus rhythm with Premature supraventricular complexes and with occasional,194.0,4091898,Sinus rhythm,Condition,SNOMED
Ectopic atrial rhythm,191.0,4091898,Sinus rhythm,Condition,SNOMED
Atrial flutter with 3:1 A-V conduction,189.0,314665,Atrial flutter,Condition,SNOMED
Anteroseptal infarct,185.0,4064610,Anteroseptal infarction on electrocardiogram,Condition,SNOMED
Marked sinus bradycardia with Premature atrial complexes,168.0,4171683,Sinus bradycardia,Condition,SNOMED
Septal infarct,163.0,4030021,Septal infarction by electrocardiogram,Condition,SNOMED
Marked sinus bradycardia with occasional,144.0,4171683,Sinus bradycardia,Condition,SNOMED
Wide QRS rhythm with frequent,141.0,4321877,Wide QRS complex,Condition,SNOMED
"ST & Marked T wave abnormality , consider inferior ischemia",140.0,4137208,EKG: inferior ischemia,Condition,SNOMED
Marked sinus bradycardia with sinus arrhythmia with 1st degree A-V block,135.0,4171683,Sinus bradycardia,Condition,SNOMED
Atrial flutter with variable AV block,134.0,314665,Atrial flutter,Condition,SNOMED
premature atrial complexes,133.0,4115173,Atrial premature complex,Condition,SNOMED
Possible Lateral infarct,129.0,4064350,Lateral infarction on electrocardiogram,Condition,SNOMED
Atrial-sensed ventricular-paced rhythm with occasional,126.0,4088998,AV sequential pacing pattern,Condition,SNOMED
Sinus rhythm with sinus arrhythmia with 1st degree AV block,126.0,4091898,Sinus rhythm,Condition,SNOMED
Accelerated Junctional rhythm with Premature supraventricular complexes,123.0,4145359,EKG: accelerated junctional rhythm,Condition,SNOMED
"Marked T wave abnormality , consider inferior ischemia",123.0,4137208,EKG: inferior ischemia,Condition,SNOMED
Sinus rhythm with short PR with occasional,121.0,4171521,Shortened PR interval,Condition,SNOMED
Ventricular-paced rhythm with frequent,119.0,4092038,Ventricular pacing pattern,Condition,SNOMED
Sinus rhythm with short PR with Premature atrial complexes,118.0,4171521,Shortened PR interval,Condition,SNOMED
"Unusual P axis, possible ectopic atrial rhythm with occasional",118.0,4181676,P wave axis - finding,Condition,SNOMED
Sinus tachycardia with 1st degree A-V block with Premature atrial complexes,113.0,4007310,Sinus tachycardia,Condition,SNOMED
Sinus bradycardia with sinus arrhythmia with occasional,112.0,4171683,Sinus bradycardia,Condition,SNOMED
Nonspecific ST change,110.0,4184762,EKG ST segment changes,Condition,SNOMED
"Junctional ST depression, probably abnormal",107.0,4038688,AV junctional rhythm,Condition,SNOMED
Sinus tachycardia with short PR with occasional,106.0,4007310,Sinus tachycardia,Condition,SNOMED
Normal sinus rhythm with short PR,104.0,4276669,Normal sinus rhythm,Condition,SNOMED
Sinus tachycardia with 1st degree AV block,104.0,4007310,Sinus tachycardia,Condition,SNOMED
Marked sinus bradycardia with marked sinus arrhythmia with 1st degree A-V block,101.0,4171683,Sinus bradycardia,Condition,SNOMED
Myocardial ischemia,96.0,4064346,EKG myocardial ischemia,Condition,SNOMED
"Unusual P axis, possible ectopic atrial rhythm with Premature atrial complexes",96.0,4181676,P wave axis - finding,Condition,SNOMED
"Marked T wave abnormality , consider anterolateral ischemia",94.0,4139185,EKG: anterior ischemia,Condition,SNOMED
Sinus tachycardia with 1st degree A-V block with occasional,92.0,4007310,Sinus tachycardia,Condition,SNOMED
Sinus rhythm with short PR with frequent,90.0,4171521,Shortened PR interval,Condition,SNOMED
Sinus rhythm with marked sinus arrhythmia with Premature atrial complexes,89.0,4088347,Marked sinus arrhythmia,Condition,SNOMED
AV dual-paced rhythm with occasional,88.0,4088998,AV sequential pacing pattern,Condition,SNOMED
Sinus bradycardia with sinus arrhythmia with 1st degree AV block,88.0,4171683,Sinus bradycardia,Condition,SNOMED
Junctional rhythm with frequent,87.0,4038688,AV junctional rhythm,Condition,SNOMED
Marked sinus bradycardia with short PR,87.0,4171683,Sinus bradycardia,Condition,SNOMED
Sinus rhythm with marked sinus arrhythmia with junctional escape complexes,87.0,4088347,Marked sinus arrhythmia,Condition,SNOMED
Sinus rhythm with 1st degree AV block with occasional,85.0,314379,First degree atrioventricular block,Condition,SNOMED
Supraventricular tachycardia with occasional,85.0,4275423,Supraventricular tachycardia,Condition,SNOMED
Atrial fibrillation with Premature ventricular complexes,83.0,313217,Atrial fibrillation,Condition,SNOMED
Sinus rhythm with short PR with Premature supraventricular complexes,83.0,4171521,Shortened PR interval,Condition,SNOMED
Sinus bradycardia with 1st degree A-V block with Premature supraventricular complexes,81.0,4171683,Sinus bradycardia,Condition,SNOMED
nonspecific T wave change,80.0,4065390,EKG: T wave abnormal,Condition,SNOMED
Sinus rhythm with Premature supraventricular complexes with frequent,80.0,4091898,Sinus rhythm,Condition,SNOMED
Marked sinus bradycardia with Premature supraventricular complexes,79.0,4171683,Sinus bradycardia,Condition,SNOMED
"ST elevation, consider",79.0,4295129,ST segment elevation,Condition,SNOMED
nonspecific T change,74.0,4065390,EKG: T wave abnormal,Condition,SNOMED
Prolonged QT c,72.0,4008859,Prolonged QT interval,Condition,SNOMED
Sinus bradycardia with premature supraventricular complexes,72.0,4171683,Sinus bradycardia,Condition,SNOMED
Sinus rhythm with marked sinus arrhythmia with frequent,72.0,4088347,Marked sinus arrhythmia,Condition,SNOMED
Sinus tachycardia with Premature supraventricular complexes with occasional,72.0,4007310,Sinus tachycardia,Condition,SNOMED
ST abnormality,70.0,4184762,EKG ST segment changes,Condition,SNOMED
Premature atrial complexes with Premature supraventricular complexes,70.0,4115173,Atrial premature complex,Condition,SNOMED
Sinus bradycardia with 1st degree A-V block with frequent,70.0,4171683,Sinus bradycardia,Condition,SNOMED
Sinus tachycardia with 1st degree A-V block with frequent,69.0,4007310,Sinus tachycardia,Condition,SNOMED
2nd degree A-V block (2:1),68.0,318448,Second degree atrioventricular block,Condition,SNOMED
Sinus bradycardia with sinus arrhythmia with short PR,67.0,4171683,Sinus bradycardia,Condition,SNOMED
"ST-segment elevation (lateral, inferior)",66.0,45767560,Inferior and lateral ST segment elevation,Condition,SNOMED
Sinus rhythm with 2nd degree AV block (Mobitz I),66.0,4091898,Sinus rhythm,Condition,SNOMED
AV dual-paced complexes,65.0,4088998,AV sequential pacing pattern,Condition,SNOMED
Sinus rhythm with Premature supraventricular complexes and with frequent,64.0,4091898,Sinus rhythm,Condition,SNOMED
Sinus tachycardia with Premature supraventricular complexes and with occasional,64.0,4007310,Sinus tachycardia,Condition,SNOMED
Sinus bradycardia with marked sinus arrhythmia with occasional,63.0,4171683,Sinus bradycardia,Condition,SNOMED
Sinus rhythm with sinus arrhythmia with 1st degree A-V block with occasional,63.0,4091898,Sinus rhythm,Condition,SNOMED
ventricular-paced complexes and with occasional,63.0,4092038,Ventricular pacing pattern,Condition,SNOMED
Sinus tachycardia with 2nd degree A-V block (Mobitz II),62.0,4007310,Sinus tachycardia,Condition,SNOMED
nonspecific ST change,61.0,4184762,EKG ST segment changes,Condition,SNOMED
Sinus rhythm with marked sinus arrhythmia with short PR,58.0,4088347,Marked sinus arrhythmia,Condition,SNOMED
Anterior infarct,57.0,4180609,Anterior myocardial infarction on electrocardiogram,Condition,SNOMED
Premature ventricular complexes with junctional escape complexes,57.0,4089462,Ventricular premature complex,Condition,SNOMED
Sinus rhythm with Premature ventricular complexes,56.0,4091898,Sinus rhythm,Condition,SNOMED
Anterolateral infarct,55.0,4184348,Anterolateral infarction by electrocardiogram,Condition,SNOMED
Normal sinus rhythm with 1st degree A-V block with occasional,55.0,4276669,Normal sinus rhythm,Condition,SNOMED
Sinus tachycardia with 2nd degree A-V block with 3:1 A-V conduction,55.0,4007310,Sinus tachycardia,Condition,SNOMED
ventricular-paced complexes and Premature supraventricular complexes,55.0,4092038,Ventricular pacing pattern,Condition,SNOMED
Sinus rhythm with 2nd degree A-V block (Mobitz II),54.0,4091898,Sinus rhythm,Condition,SNOMED
Sinus tachycardia with 2nd degree AV block with 2:1 AV conduction,53.0,4007310,Sinus tachycardia,Condition,SNOMED
Atrial flutter with variable A-V block with frequent,51.0,314665,Atrial flutter,Condition,SNOMED
AV dual-paced rhythm with frequent,51.0,4088998,AV sequential pacing pattern,Condition,SNOMED
Sinus bradycardia with 2nd degree A-V block (Mobitz I),51.0,4171683,Sinus bradycardia,Condition,SNOMED
Sinus tachycardia with 1st degree A-V block with Premature supraventricular complexes,50.0,4007310,Sinus tachycardia,Condition,SNOMED
atrial-paced complexes,49.0,4089488,Atrial pacing pattern,Condition,SNOMED
"Unusual P axis, possible ectopic atrial rhythm with Premature supraventricular complexes",49.0,4181676,P wave axis - finding,Condition,SNOMED
Wide QRS tachycardia with frequent,49.0,4321877,Wide QRS complex,Condition,SNOMED
Sinus rhythm with marked sinus arrhythmia with 1st degree A-V block with occasional,48.0,4088347,Marked sinus arrhythmia,Condition,SNOMED
Sinus rhythm with marked sinus arrhythmia with Premature supraventricular complexes,48.0,4088347,Marked sinus arrhythmia,Condition,SNOMED
Supraventricular tachycardia with Premature supraventricular complexes,48.0,4275423,Supraventricular tachycardia,Condition,SNOMED
Atrial tachycardia,46.0,4171269,Atrial tachycardia,Condition,SNOMED
A-V block (3rd degree),46.0,320744,Complete atrioventricular block,Condition,SNOMED
Supraventricular tachycardia with frequent,45.0,4275423,Supraventricular tachycardia,Condition,SNOMED
Atrial-paced rhythm with occasional,44.0,4089488,Atrial pacing pattern,Condition,SNOMED
Marked sinus bradycardia with 1st degree A-V block with Premature atrial complexes,44.0,4171683,Sinus bradycardia,Condition,SNOMED
Sinus rhythm with premature supraventricular complexes with occasional,44.0,4091898,Sinus rhythm,Condition,SNOMED
Sinus tachycardia with short PR with frequent,44.0,4007310,Sinus tachycardia,Condition,SNOMED
Nonspecific T wave change,43.0,4065390,EKG: T wave abnormal,Condition,SNOMED
Premature atrial complexes with occasional,43.0,4115173,Atrial premature complex,Condition,SNOMED
Junctional rhythm with Premature supraventricular complexes,42.0,4038688,AV junctional rhythm,Condition,SNOMED
Nonspecific T change,42.0,4065390,EKG: T wave abnormal,Condition,SNOMED
Sinus tachycardia with 2nd degree A-V block (Mobitz I) with Premature supraventricular complexes,42.0,4007310,Sinus tachycardia,Condition,SNOMED
premature ventricular complexes and premature atrial complexes,41.0,4089462,Ventricular premature complex,Condition,SNOMED
Sinus rhythm with 1st degree AV block with premature atrial complexes,40.0,314379,First degree atrioventricular block,Condition,SNOMED
Atrial fibrillation with rapid ventricular response with occasional,39.0,44782442,Atrial fibrillation with rapid ventricular response,Condition,SNOMED
Atrial-sensed ventricular-paced rhythm with frequent,39.0,4088998,AV sequential pacing pattern,Condition,SNOMED
Sinus tachycardia with short PR with Premature supraventricular complexes,39.0,4007310,Sinus tachycardia,Condition,SNOMED
Atrial flutter with variable A-V block with occasional,38.0,314665,Atrial flutter,Condition,SNOMED
Junctional bradycardia with occasional,37.0,4169095,Bradycardia,Condition,SNOMED
2nd degree A-V block (3:1),36.0,318448,Second degree atrioventricular block,Condition,SNOMED
Atrial fibrillation with rapid ventricular response with frequent,35.0,44782442,Atrial fibrillation with rapid ventricular response,Condition,SNOMED
Marked sinus bradycardia with premature atrial complexes,35.0,4171683,Sinus bradycardia,Condition,SNOMED
Normal sinus rhythm with 1st degree AV block,35.0,4276669,Normal sinus rhythm,Condition,SNOMED
ST & T wave abnormality,35.0,4327859,Nonspecific ST-T abnormality on electrocardiogram,Condition,SNOMED
T wave abnormality,35.0,4065390,EKG: T wave abnormal,Condition,SNOMED
AV dual-paced rhythm with prolonged AV conduction with occasional,34.0,4088998,AV sequential pacing pattern,Condition,SNOMED
Sinus tachycardia with premature atrial complexes,34.0,4007310,Sinus tachycardia,Condition,SNOMED
Wide QRS tachycardia with occasional,34.0,4321877,Wide QRS complex,Condition,SNOMED
Marked sinus bradycardia with 1st degree A-V block with frequent,33.0,4171683,Sinus bradycardia,Condition,SNOMED
Sinus tachycardia with short PR with Premature atrial complexes,32.0,4007310,Sinus tachycardia,Condition,SNOMED
"Unusual P axis, possible ectopic atrial tachycardia with 2nd degree A-V block (Mobitz I)",32.0,4181676,P wave axis - finding,Condition,SNOMED
Wide QRS rhythm with Premature supraventricular complexes,32.0,4321877,Wide QRS complex,Condition,SNOMED
Lateral infarct,31.0,4064350,Lateral infarction on electrocardiogram,Condition,SNOMED
Marked sinus bradycardia with 1st degree A-V block with occasional,30.0,4171683,Sinus bradycardia,Condition,SNOMED
Marked sinus bradycardia with sinus arrhythmia with 1st degree AV block,30.0,4171683,Sinus bradycardia,Condition,SNOMED
Sinus tachycardia with junctional escape complexes,29.0,4007310,Sinus tachycardia,Condition,SNOMED
"Unusual P axis, possible ectopic atrial tachycardia with occasional",29.0,4181676,P wave axis - finding,Condition,SNOMED
Atrial fibrillation with slow ventricular response with occasional,28.0,313217,Atrial fibrillation,Condition,SNOMED
Atrial flutter with 4:1 AV conduction,28.0,314665,Atrial flutter,Condition,SNOMED
Inferior-posterior infarct,27.0,4064349,EKG:posterior/inferior infarct,Condition,SNOMED
Sinus bradycardia with 1st degree AV block with occasional,27.0,4171683,Sinus bradycardia,Condition,SNOMED
Sinus rhythm with premature ventricular complexes,27.0,4091898,Sinus rhythm,Condition,SNOMED
ventricular-paced complexes and Premature atrial complexes,27.0,4092038,Ventricular pacing pattern,Condition,SNOMED
Normal sinus rhythm with 1st degree A-V block with frequent,26.0,4276669,Normal sinus rhythm,Condition,SNOMED
Premature ventricular complexes with occasional,26.0,4089462,Ventricular premature complex,Condition,SNOMED
Sinus rhythm with 1st degree A-V block with Premature supraventricular complexes with occasional,26.0,314379,First degree atrioventricular block,Condition,SNOMED
"Unusual P axis, possible ectopic atrial bradycardia with occasional",26.0,4181676,P wave axis - finding,Condition,SNOMED
"Unusual P axis, possible ectopic atrial rhythm with frequent",26.0,4181676,P wave axis - finding,Condition,SNOMED
Atrial fibrillation with slow ventricular response with frequent,25.0,313217,Atrial fibrillation,Condition,SNOMED
Cannot rule out Anterior infarct,25.0,4180609,Anterior myocardial infarction on electrocardiogram,Condition,SNOMED
Atrial flutter with 2:1 AV conduction,24.0,314665,Atrial flutter,Condition,SNOMED
Cannot rule out Septal infarct,24.0,4030021,Septal infarction by electrocardiogram,Condition,SNOMED
Marked sinus bradycardia with 1st degree A-V block with Premature supraventricular complexes,24.0,4171683,Sinus bradycardia,Condition,SNOMED
Tall T wave,24.0,4089477,Tall T wave,Condition,SNOMED
"Unusual P axis, possible ectopic atrial bradycardia with Premature atrial complexes",24.0,4181676,P wave axis - finding,Condition,SNOMED
"Unusual P axis, possible ectopic atrial tachycardia with Premature atrial complexes",24.0,4181676,P wave axis - finding,Condition,SNOMED
Atrial flutter with variable AV block with premature ventricular or aberrantly conducted complexes,23.0,314665,Atrial flutter,Condition,SNOMED
Atrial-paced rhythm with prolonged AV conduction with occasional,23.0,4089488,Atrial pacing pattern,Condition,SNOMED
Atrial-sensed ventricular-paced rhythm with prolonged AV conduction with occasional,23.0,4088998,AV sequential pacing pattern,Condition,SNOMED
Sinus bradycardia with marked sinus arrhythmia with frequent,23.0,4171683,Sinus bradycardia,Condition,SNOMED
Sinus rhythm with 2nd degree A-V block (Mobitz I) with Premature supraventricular complexes,23.0,4091898,Sinus rhythm,Condition,SNOMED
Sinus rhythm with marked sinus arrhythmia with 1st degree A-V block with Premature atrial complexes,23.0,4088347,Marked sinus arrhythmia,Condition,SNOMED
"Unusual P axis, possible ectopic atrial tachycardia with Premature supraventricular complexes",23.0,4181676,P wave axis - finding,Condition,SNOMED
Atrial-paced rhythm with frequent,22.0,4089488,Atrial pacing pattern,Condition,SNOMED
Idioventricular rhythm with occasional,22.0,4138336,ECG: idioventricular rhythm,Condition,SNOMED
Junctional bradycardia with Premature supraventricular complexes,22.0,4169095,Bradycardia,Condition,SNOMED
Sinus rhythm with sinus arrhythmia with junctional escape complexes,22.0,4171683,Sinus bradycardia,Condition,SNOMED
ST- T wave abnormality,22.0,4327859,Nonspecific ST-T abnormality on electrocardiogram,Condition,SNOMED
Ectopic atrial bradycardia,21.0,4169095,Bradycardia,Condition,SNOMED
Normal sinus rhythm with Premature atrial complexes,21.0,4276669,Normal sinus rhythm,Condition,SNOMED
Sinus bradycardia with Premature supraventricular complexes with occasional,21.0,4171683,Sinus bradycardia,Condition,SNOMED
Sinus tachycardia with 2nd degree A-V block (Mobitz I) with occasional,21.0,4007310,Sinus tachycardia,Condition,SNOMED
Sinus tachycardia with premature supraventricular complexes,21.0,4007310,Sinus tachycardia,Condition,SNOMED
"Marked T wave abnormality , consider inferolateral ischemia",20.0,4137208,EKG: inferior ischemia,Condition,SNOMED
Sinus rhythm with 1st degree A-V block with Premature supraventricular complexes and with occasional,20.0,314379,First degree atrioventricular block,Condition,SNOMED
Atrial-paced rhythm with Premature atrial complexes,19.0,4089488,Atrial pacing pattern,Condition,SNOMED
Normal sinus rhythm with sinus arrhythmia with 1st degree A-V block,19.0,4276669,Normal sinus rhythm,Condition,SNOMED
Sinus bradycardia with marked sinus arrhythmia with 1st degree AV block,19.0,4171683,Sinus bradycardia,Condition,SNOMED
Sinus rhythm with 2nd degree A-V block (Mobitz II) with Premature supraventricular complexes,19.0,4091898,Sinus rhythm,Condition,SNOMED
Sinus rhythm with marked sinus arrhythmia with 1st degree AV block,19.0,4088347,Marked sinus arrhythmia,Condition,SNOMED
Sinus rhythm with marked sinus arrhythmia with 1st degree A-V block with junctional escape complexes,19.0,4088347,Marked sinus arrhythmia,Condition,SNOMED
Accelerated Junctional rhythm with Premature supraventricular complexes with occasional,18.0,4145359,EKG: accelerated junctional rhythm,Condition,SNOMED
Atrial-paced rhythm with prolonged AV conduction with Premature atrial complexes,18.0,4089488,Atrial pacing pattern,Condition,SNOMED
Cannot rule out Anteroseptal infarct,18.0,4064610,Anteroseptal infarction on electrocardiogram,Condition,SNOMED
Sinus rhythm with 2nd degree A-V block (Mobitz I) with occasional,18.0,4091898,Sinus rhythm,Condition,SNOMED
Sinus rhythm with Premature atrial complexes with junctional escape complexes,18.0,4091898,Sinus rhythm,Condition,SNOMED
Sinus rhythm with 1st degree AV block with premature supraventricular complexes,17.0,314379,First degree atrioventricular block,Condition,SNOMED
Sinus rhythm with 2nd degree AV block with 2:1 AV conduction,17.0,4091898,Sinus rhythm,Condition,SNOMED
Normal sinus rhythm with Premature ventricular complexes,16.0,4276669,Normal sinus rhythm,Condition,SNOMED
Sinus bradycardia with marked sinus arrhythmia with Premature atrial complexes,16.0,4171683,Sinus bradycardia,Condition,SNOMED
Sinus tachycardia with Premature supraventricular complexes with frequent,16.0,4007310,Sinus tachycardia,Condition,SNOMED
"ST & Marked T wave abnormality , consider inferolateral ischemia",16.0,4137208,EKG: inferior ischemia,Condition,SNOMED
Atrial fibrillation with premature ventricular complexes,15.0,313217,Atrial fibrillation,Condition,SNOMED
intraventricular conduction delay,15.0,4166844,Intraventricular conduction defect,Condition,SNOMED
Sinus bradycardia with 1st degree AV block with premature atrial complexes,15.0,4171683,Sinus bradycardia,Condition,SNOMED
Sinus bradycardia with 2nd degree AV block (Mobitz I),15.0,4171683,Sinus bradycardia,Condition,SNOMED
Sinus bradycardia with marked sinus arrhythmia with Premature supraventricular complexes,15.0,4171683,Sinus bradycardia,Condition,SNOMED
Sinus rhythm with sinus arrhythmia with 1st degree A-V block with frequent,15.0,4091898,Sinus rhythm,Condition,SNOMED
"Unusual P axis, possible ectopic atrial rhythm with 1st degree A-V block",15.0,4181676,P wave axis - finding,Condition,SNOMED
"Unusual P axis, possible ectopic atrial tachycardia with frequent",15.0,4181676,P wave axis - finding,Condition,SNOMED
ventricular-paced complexes and with frequent,15.0,4092038,Ventricular pacing pattern,Condition,SNOMED
AV dual-paced rhythm with prolonged AV conduction with frequent,14.0,4088998,AV sequential pacing pattern,Condition,SNOMED
Premature atrial complexes with frequent,14.0,4115173,Atrial premature complex,Condition,SNOMED
Sinus bradycardia with marked sinus arrhythmia with short PR,14.0,4171683,Sinus bradycardia,Condition,SNOMED
Sinus bradycardia with sinus arrhythmia with frequent,14.0,4171683,Sinus bradycardia,Condition,SNOMED
Sinus tachycardia with 1st degree AV block with frequent,14.0,4007310,Sinus tachycardia,Condition,SNOMED
Sinus tachycardia with 2nd degree AV block (Mobitz I),14.0,4007310,Sinus tachycardia,Condition,SNOMED
"Unusual P axis, possible ectopic atrial tachycardia with 2nd degree A-V block with 2:1 A-V conduction",14.0,4181676,P wave axis - finding,Condition,SNOMED
complete AV block,13.0,320744,Complete atrioventricular block,Condition,SNOMED
Marked sinus bradycardia with sinus arrhythmia with occasional,13.0,4171683,Sinus bradycardia,Condition,SNOMED
Sinus tachycardia with Premature supraventricular complexes and with frequent,13.0,4007310,Sinus tachycardia,Condition,SNOMED
Atrial fibrillation with rapid ventricular response with Premature ventricular complexes,12.0,44782442,Atrial fibrillation with rapid ventricular response,Condition,SNOMED
atrial-paced complexes and with occasional,12.0,4089488,Atrial pacing pattern,Condition,SNOMED
Marked sinus bradycardia with marked sinus arrhythmia with 1st degree AV block,12.0,4171683,Sinus bradycardia,Condition,SNOMED
Marked sinus bradycardia with premature supraventricular complexes,12.0,4171683,Sinus bradycardia,Condition,SNOMED
Sinus bradycardia with Premature supraventricular complexes and with occasional,12.0,4171683,Sinus bradycardia,Condition,SNOMED
Sinus rhythm with 1st degree AV block with frequent,12.0,314379,First degree atrioventricular block,Condition,SNOMED
Sinus rhythm with short PR with premature atrial complexes,12.0,4171521,Shortened PR interval,Condition,SNOMED
Sinus tachycardia with 2nd degree A-V block (Mobitz I) with frequent,12.0,4007310,Sinus tachycardia,Condition,SNOMED
Sinus tachycardia with Premature supraventricular complexes with junctional escape complexes,12.0,4007310,Sinus tachycardia,Condition,SNOMED
"Unusual P axis, possible ectopic atrial bradycardia with Premature supraventricular complexes",12.0,4181676,P wave axis - finding,Condition,SNOMED
PVC,11.0,4089462,Ventricular premature complex,Condition,SNOMED
Sinus bradycardia with sinus arrhythmia with 1st degree A-V block with occasional,11.0,4171683,Sinus bradycardia,Condition,SNOMED
Sinus rhythm with Premature supraventricular complexes with junctional escape complexes,11.0,4091898,Sinus rhythm,Condition,SNOMED
Supraventricular tachycardia with Premature supraventricular complexes with occasional,11.0,4275423,Supraventricular tachycardia,Condition,SNOMED
Sinus bradycardia with short PR with occasional,10.0,4171683,Sinus bradycardia,Condition,SNOMED
Sinus rhythm with 2nd degree AV block (Mobitz II),10.0,4091898,Sinus rhythm,Condition,SNOMED
Sinus rhythm with marked sinus arrhythmia with 1st degree A-V block with frequent,10.0,4088347,Marked sinus arrhythmia,Condition,SNOMED
Sinus rhythm with marked sinus arrhythmia with 1st degree A-V block with Premature supraventricular complexes,10.0,4088347,Marked sinus arrhythmia,Condition,SNOMED
Sinus tachycardia with 2nd degree A-V block with 4:1 A-V conduction,10.0,4007310,Sinus tachycardia,Condition,SNOMED
"Unusual P axis, possible ectopic atrial bradycardia with frequent",10.0,4181676,P wave axis - finding,Condition,SNOMED
Wide QRS tachycardia with Premature supraventricular complexes,10.0,4321877,Wide QRS complex,Condition,SNOMED
Atrial flutter with 3:1 AV conduction,9.0,314665,Atrial flutter,Condition,SNOMED
premature atrial complexes with premature supraventricular complexes,9.0,4115173,Atrial premature complex,Condition,SNOMED
Sinus bradycardia with 2nd degree A-V block (Mobitz II),9.0,4171683,Sinus bradycardia,Condition,SNOMED
Sinus bradycardia with short PR with Premature supraventricular complexes,9.0,4171683,Sinus bradycardia,Condition,SNOMED
Sinus rhythm with premature supraventricular complexes with frequent,9.0,4091898,Sinus rhythm,Condition,SNOMED
Sinus tachycardia with 2nd degree AV block (Mobitz II),9.0,4007310,Sinus tachycardia,Condition,SNOMED
"Unusual P axis, possible ectopic atrial tachycardia with 2nd degree A-V block with 3:1 A-V conduction",9.0,4181676,P wave axis - finding,Condition,SNOMED
Atrial fibrillation with ventricular premature complexes,8.0,313217,Atrial fibrillation,Condition,SNOMED
Atrial tachycardia with 2:1 A-V conduction,8.0,4171269,Atrial tachycardia,Condition,SNOMED
Atrial-sensed ventricular-paced rhythm with prolonged AV conduction with frequent,8.0,4088998,AV sequential pacing pattern,Condition,SNOMED
AV dual-paced complexes and with occasional,8.0,4088998,AV sequential pacing pattern,Condition,SNOMED
Junctional tachycardia,8.0,4088503,AV junctional (nodal) tachycardia,Condition,SNOMED
Marked sinus bradycardia with marked sinus arrhythmia with frequent,8.0,4171683,Sinus bradycardia,Condition,SNOMED
Sinus bradycardia with 1st degree AV block with premature supraventricular complexes,8.0,4171683,Sinus bradycardia,Condition,SNOMED
Sinus bradycardia with premature supraventricular complexes with occasional,8.0,4171683,Sinus bradycardia,Condition,SNOMED
Sinus rhythm with 1st degree A-V block with Premature supraventricular complexes and with frequent,8.0,314379,First degree atrioventricular block,Condition,SNOMED
Sinus rhythm with 1st degree A-V block with Premature supraventricular complexes with frequent,8.0,314379,First degree atrioventricular block,Condition,SNOMED
Sinus rhythm with short PR with Premature supraventricular complexes with occasional,8.0,4171521,Shortened PR interval,Condition,SNOMED
Sinus tachycardia with Premature atrial complexes with junctional escape complexes,8.0,4007310,Sinus tachycardia,Condition,SNOMED
ST elevation,8.0,4295129,ST segment elevation,Condition,SNOMED
Accelerated Junctional rhythm with Premature supraventricular complexes and with occasional,7.0,4145359,EKG: accelerated junctional rhythm,Condition,SNOMED
Atrial fibrillation with PVC,7.0,313217,Atrial fibrillation,Condition,SNOMED
Atrial-paced rhythm with Premature supraventricular complexes,7.0,4089488,Atrial pacing pattern,Condition,SNOMED
Atrial-paced rhythm with prolonged AV conduction with frequent,7.0,4089488,Atrial pacing pattern,Condition,SNOMED
Atrial-paced rhythm with prolonged AV conduction with Premature supraventricular complexes,7.0,4089488,Atrial pacing pattern,Condition,SNOMED
Intraventricular conduction delay,7.0,4166844,Intraventricular conduction defect,Condition,SNOMED
Marked sinus bradycardia with marked sinus arrhythmia with occasional,7.0,4171683,Sinus bradycardia,Condition,SNOMED
Marked sinus bradycardia with Premature supraventricular complexes with frequent,7.0,4171683,Sinus bradycardia,Condition,SNOMED
Marked sinus bradycardia with sinus arrhythmia with short PR,7.0,4171683,Sinus bradycardia,Condition,SNOMED
Posterior infarct,7.0,4253065,Posterior myocardial infarction on electrocardiogram,Condition,SNOMED
Normal sinus rhythm with 2nd degree A-V block (Mobitz I),7.0,4276669,Normal sinus rhythm,Condition,SNOMED
Sinus bradycardia with short PR with frequent,7.0,4171683,Sinus bradycardia,Condition,SNOMED
Sinus rhythm with atrial premature complexes,7.0,4091898,Sinus rhythm,Condition,SNOMED
Sinus rhythm with with frequent,7.0,4091898,Sinus rhythm,Condition,SNOMED
"ST abnormality, consider lateral ischemia",7.0,4137879,EKG: lateral ischemia,Condition,SNOMED
"ST elevation,",7.0,4295129,ST segment elevation,Condition,SNOMED
ventricular-paced complexes and premature supraventricular complexes,7.0,4092038,Ventricular pacing pattern,Condition,SNOMED
ventricular-paced complexes and Premature supraventricular complexes and with occasional,7.0,4092038,Ventricular pacing pattern,Condition,SNOMED
APB,6.0,4115173,Atrial premature complex,Condition,SNOMED
APC,6.0,4115173,Atrial premature complex,Condition,SNOMED
Atrial fibrillation with slow ventricular response with Premature ventricular complexes,6.0,313217,Atrial fibrillation,Condition,SNOMED
Marked sinus bradycardia with Premature supraventricular complexes with occasional,6.0,4171683,Sinus bradycardia,Condition,SNOMED
Nonspecific ST-T change,6.0,4327859,Nonspecific ST-T abnormality on electrocardiogram,Condition,SNOMED
Normal sinus rhythm with sinus arrhythmia with short PR,6.0,4276669,Normal sinus rhythm,Condition,SNOMED
Possible Anterior infarct,6.0,4180609,Anterior myocardial infarction on electrocardiogram,Condition,SNOMED
Possible lateral ischemia,6.0,4137879,EKG: lateral ischemia,Condition,SNOMED
premature atrial complexes with occasional,6.0,4115173,Atrial premature complex,Condition,SNOMED
sinus arrhythmia,6.0,4217221,Nodal rhythm disorder,Condition,SNOMED
Sinus bradycardia with 1st degree A-V block with Premature supraventricular complexes and with occasional,6.0,4171683,Sinus bradycardia,Condition,SNOMED
Sinus bradycardia with 2nd degree A-V block with 2:1 A-V conduction,6.0,4171683,Sinus bradycardia,Condition,SNOMED
Sinus rhythm with 1st degree A-V block with Premature ventricular complexes,6.0,314379,First degree atrioventricular block,Condition,SNOMED
Sinus rhythm with 2nd degree A-V block (Mobitz I) with frequent,6.0,4091898,Sinus rhythm,Condition,SNOMED
Sinus rhythm with APC,6.0,4091898,Sinus rhythm,Condition,SNOMED
Sinus rhythm with short PR with Premature supraventricular complexes and with occasional,6.0,4171521,Shortened PR interval,Condition,SNOMED
Sinus rhythm with sinus arrhythmia with short PR with occasional,6.0,4091898,Sinus rhythm,Condition,SNOMED
Sinus tachycardia with 2nd degree A-V block,6.0,4007310,Sinus tachycardia,Condition,SNOMED
"ST elevation, due to",6.0,4295129,ST segment elevation,Condition,SNOMED
"Unusual P axis, possible ectopic atrial rhythm with premature atrial complexes",6.0,4181676,P wave axis - finding,Condition,SNOMED
"Unusual P axis, possible ectopic atrial tachycardia with Premature supraventricular complexes with occasional",6.0,4181676,P wave axis - finding,Condition,SNOMED
VPB,6.0,4089462,Ventricular premature complex,Condition,SNOMED
Wide QRS rhythm with Premature supraventricular complexes and with occasional,6.0,4321877,Wide QRS complex,Condition,SNOMED
Accelerated Junctional rhythm with Premature supraventricular complexes and with frequent,5.0,4145359,EKG: accelerated junctional rhythm,Condition,SNOMED
Atrial fibrillation with VPC,5.0,313217,Atrial fibrillation,Condition,SNOMED
atrial-paced complexes and with frequent,5.0,4089488,Atrial pacing pattern,Condition,SNOMED
AV dual-paced complexes and Premature supraventricular complexes,5.0,4088998,AV sequential pacing pattern,Condition,SNOMED
Ectopic atrial tachycardia,5.0,444070,Tachycardia,Condition,SNOMED
Junctional rhythm with Premature ventricular complexes,5.0,4038688,AV junctional rhythm,Condition,SNOMED
Marked sinus bradycardia with 2nd degree A-V block (Mobitz I),5.0,4171683,Sinus bradycardia,Condition,SNOMED
Marked sinus bradycardia with sinus arrhythmia with frequent,5.0,4171683,Sinus bradycardia,Condition,SNOMED
Marked ST abnormality,5.0,4184762,EKG ST segment changes,Condition,SNOMED
nonspecific ST-T change,5.0,4327859,Nonspecific ST-T abnormality on electrocardiogram,Condition,SNOMED
Normal sinus rhythm with sinus arrhythmia with occasional,5.0,4276669,Normal sinus rhythm,Condition,SNOMED
Possible Anterolateral infarct,5.0,4184348,Anterolateral infarction by electrocardiogram,Condition,SNOMED
Possible Septal infarct,5.0,4030021,Septal infarction by electrocardiogram,Condition,SNOMED
Premature ventricular complexes and Premature atrial complexes with junctional escape complexes,5.0,4089462,Ventricular premature complex,Condition,SNOMED
Sinus bradycardia with 1st degree A-V block with Premature supraventricular complexes with occasional,5.0,4171683,Sinus bradycardia,Condition,SNOMED
Sinus bradycardia with 2nd degree AV block (Mobitz II),5.0,4171683,Sinus bradycardia,Condition,SNOMED
Sinus bradycardia with Premature supraventricular complexes with junctional escape complexes,5.0,4171683,Sinus bradycardia,Condition,SNOMED
Sinus rhythm with 2nd degree AV block (Mobitz II) with premature supraventricular complexes,5.0,4091898,Sinus rhythm,Condition,SNOMED
Sinus rhythm with junctional escape complexes,5.0,4091898,Sinus rhythm,Condition,SNOMED
Sinus rhythm with marked sinus arrhythmia with premature atrial complexes,5.0,4088347,Marked sinus arrhythmia,Condition,SNOMED
Sinus rhythm with marked sinus arrhythmia with short PR with occasional,5.0,4088347,Marked sinus arrhythmia,Condition,SNOMED
Sinus rhythm with premature supraventricular complexes and with occasional,5.0,4091898,Sinus rhythm,Condition,SNOMED
Sinus rhythm with with occasional,5.0,4091898,Sinus rhythm,Condition,SNOMED
Sinus rhythm with with sinus arrhythmia,5.0,4091898,Sinus rhythm,Condition,SNOMED
Sinus tachycardia with 1st degree AV block with premature supraventricular complexes,5.0,4007310,Sinus tachycardia,Condition,SNOMED
Sinus tachycardia with 1st degree A-V block with Premature supraventricular complexes and with occasional,5.0,4007310,Sinus tachycardia,Condition,SNOMED
Sinus tachycardia with Premature ventricular complexes,5.0,4007310,Sinus tachycardia,Condition,SNOMED
ST and T wave abnormality,5.0,4327859,Nonspecific ST-T abnormality on electrocardiogram,Condition,SNOMED
"ST elevation, consider early repolarization .",5.0,4295129,ST segment elevation,Condition,SNOMED
Possible Inferior-posterior infarct,5.0,4137208,EKG: inferior ischemia,Condition,SNOMED
"Unusual P axis, possible ectopic atrial tachycardia with 2nd degree A-V block (Mobitz II)",5.0,4181676,P wave axis - finding,Condition,SNOMED
2nd degree AV block,4.0,318448,Second degree atrioventricular block,Condition,SNOMED
2nd degree A-V block (4:1),4.0,318448,Second degree atrioventricular block,Condition,SNOMED
LVH,4.0,4184746,Left ventricular hypertrophy,Condition,SNOMED
Marked sinus bradycardia with marked sinus arrhythmia with Premature atrial complexes,4.0,4171683,Sinus bradycardia,Condition,SNOMED
Normal sinus rhythm with APC,4.0,4276669,Normal sinus rhythm,Condition,SNOMED
Normal sinus rhythm with premature ventricular complexes,4.0,4276669,Normal sinus rhythm,Condition,SNOMED
Normal sinus rhythm with VPB,4.0,4276669,Normal sinus rhythm,Condition,SNOMED
Possible Anteroseptal infarct,4.0,4064610,Anteroseptal infarction on electrocardiogram,Condition,SNOMED
possible Inferior infarct,4.0,4247796,Inferior myocardial infarction on electrocardiogram,Condition,SNOMED
Sinus bradycardia with marked sinus arrhythmia with 1st degree A-V block with occasional,4.0,4171683,Sinus bradycardia,Condition,SNOMED
Sinus bradycardia with Premature supraventricular complexes with frequent,4.0,4171683,Sinus bradycardia,Condition,SNOMED
Sinus bradycardia with Premature ventricular complexes,4.0,4171683,Sinus bradycardia,Condition,SNOMED
Sinus rhythm with 2nd degree A-V block (Mobitz I) with Premature supraventricular complexes with occasional,4.0,4091898,Sinus rhythm,Condition,SNOMED
Sinus rhythm with 2nd degree A-V block (Mobitz II) with occasional,4.0,4091898,Sinus rhythm,Condition,SNOMED
Sinus rhythm with sinus arrhythmia with 1st degree AV block with occasional,4.0,4091898,Sinus rhythm,Condition,SNOMED
Sinus tachycardia with 1st degree A-V block with junctional escape complexes,4.0,4007310,Sinus tachycardia,Condition,SNOMED
Sinus tachycardia with 2nd degree A-V block (Mobitz I) with Premature supraventricular complexes and with occasional,4.0,4007310,Sinus tachycardia,Condition,SNOMED
Sinus tachycardia with 2nd degree A-V block (Mobitz II) with Premature supraventricular complexes,4.0,4007310,Sinus tachycardia,Condition,SNOMED
Sinus tachycardia with 2nd degree A-V block with 2:1 A-V conduction with occasional,4.0,4007310,Sinus tachycardia,Condition,SNOMED
Sinus tachycardia with 2nd degree AV block with 3:1 AV conduction,4.0,4007310,Sinus tachycardia,Condition,SNOMED
Sinus tachycardia with premature supraventricular complexes with occasional,4.0,4007310,Sinus tachycardia,Condition,SNOMED
Sinus tachycardia with short PR with Premature supraventricular complexes and with occasional,4.0,4007310,Sinus tachycardia,Condition,SNOMED
"ST elevation, maybe",4.0,4295129,ST segment elevation,Condition,SNOMED
Supraventricular tachycardia with Premature supraventricular complexes with frequent,4.0,4275423,Supraventricular tachycardia,Condition,SNOMED
tall T wave,4.0,4089477,Tall T wave,Condition,SNOMED
"Unusual P axis, possible ectopic atrial rhythm with premature supraventricular complexes",4.0,4181676,P wave axis - finding,Condition,SNOMED
"Unusual P axis, possible ectopic atrial tachycardia with 2nd degree A-V block with 4:1 A-V conduction",4.0,4181676,P wave axis - finding,Condition,SNOMED
Ventricular Pacemaker rhythm,4.0,4092038,Ventricular pacing pattern,Condition,SNOMED
anterolateral infarct,3.0,4184348,Anterolateral infarction by electrocardiogram,Condition,SNOMED
Atrial fibrillation with Junctional rhythm,3.0,313217,Atrial fibrillation,Condition,SNOMED
Atrial fibrillation with Premature atrial complexes,3.0,313217,Atrial fibrillation,Condition,SNOMED
Atrial fibrillation with VPB,3.0,313217,Atrial fibrillation,Condition,SNOMED
atrial-paced complexes and Premature atrial complexes,3.0,4089488,Atrial pacing pattern,Condition,SNOMED
AV dual-paced complexes and with frequent,3.0,4088998,AV sequential pacing pattern,Condition,SNOMED
ectopic atrial bradycardia,3.0,4169095,Bradycardia,Condition,SNOMED
ectopic atrial rhythm,3.0,4091898,Sinus rhythm,Condition,SNOMED
Ectopic atrial rhythm with 1st degree A-V block,3.0,4091898,Sinus rhythm,Condition,SNOMED
Ectopic atrial rhythm with occasional,3.0,4091898,Sinus rhythm,Condition,SNOMED
junctional escape rhythm,3.0,4166380,Junctional escape beats,Condition,SNOMED
Junctional escape rhythm,3.0,4166380,Junctional escape beats,Condition,SNOMED
Junctional rhythm with Premature supraventricular complexes and with occasional,3.0,4038688,AV junctional rhythm,Condition,SNOMED
Marked sinus arrhythmia,3.0,4088347,Marked sinus arrhythmia,Condition,SNOMED
Marked sinus bradycardia with 1st degree AV block with frequent,3.0,4171683,Sinus bradycardia,Condition,SNOMED
Marked sinus bradycardia with marked sinus arrhythmia with 1st degree A-V block with occasional,3.0,4171683,Sinus bradycardia,Condition,SNOMED
Marked sinus bradycardia with Premature atrial complexes with junctional escape complexes,3.0,4171683,Sinus bradycardia,Condition,SNOMED
Marked sinus bradycardia with short PR with occasional,3.0,4171683,Sinus bradycardia,Condition,SNOMED
Marked T wave abnormality,3.0,4065390,EKG: T wave abnormal,Condition,SNOMED
nonspecific ST abnormality,3.0,4184762,EKG ST segment changes,Condition,SNOMED
Normal sinus rhythm with 2nd degree A-V block (Mobitz II),3.0,4276669,Normal sinus rhythm,Condition,SNOMED
Normal sinus rhythm with PVC,3.0,4276669,Normal sinus rhythm,Condition,SNOMED
Possible Posterior infarct,3.0,4253065,Posterior myocardial infarction on electrocardiogram,Condition,SNOMED
"Possible Septal infarct , age undetermined",3.0,4030021,Septal infarction by electrocardiogram,Condition,SNOMED
Premature atrial complexes with junctional escape complexes,3.0,4115173,Atrial premature complex,Condition,SNOMED
Premature atrial complexes with Premature supraventricular complexes with occasional,3.0,4115173,Atrial premature complex,Condition,SNOMED
premature ventricular complexes with junctional escape complexes,3.0,4089462,Ventricular premature complex,Condition,SNOMED
Right bundle branch block with occasional,3.0,314059,Right bundle branch block,Condition,SNOMED
Sinus bradycardia with 1st degree AV block with frequent,3.0,4171683,Sinus bradycardia,Condition,SNOMED
Sinus bradycardia with 2nd degree A-V block (Mobitz I) with 2:1 A-V conduction,3.0,4171683,Sinus bradycardia,Condition,SNOMED
Sinus bradycardia with 2nd degree A-V block (Mobitz I) with Premature supraventricular complexes,3.0,4171683,Sinus bradycardia,Condition,SNOMED
Sinus bradycardia with 2nd degree A-V block (Mobitz II) with Premature supraventricular complexes,3.0,4171683,Sinus bradycardia,Condition,SNOMED
Sinus bradycardia with 2nd degree AV block with 2:1 AV conduction,3.0,4171683,Sinus bradycardia,Condition,SNOMED
Sinus bradycardia with marked sinus arrhythmia with short PR with occasional,3.0,4171683,Sinus bradycardia,Condition,SNOMED
Sinus bradycardia with Premature supraventricular complexes and with frequent,3.0,4171683,Sinus bradycardia,Condition,SNOMED
Sinus bradycardia with PVC,3.0,4171683,Sinus bradycardia,Condition,SNOMED
Sinus bradycardia with sinus arrhythmia with 1st degree A-V block with frequent,3.0,4171683,Sinus bradycardia,Condition,SNOMED
Sinus rhythm and Premature ventricular complexes,3.0,4091898,Sinus rhythm,Condition,SNOMED
Sinus rhythm with 2nd degree A-V block with 2:1 A-V conduction with Premature atrial complexes,3.0,4091898,Sinus rhythm,Condition,SNOMED
Sinus rhythm with APB,3.0,4091898,Sinus rhythm,Condition,SNOMED
Sinus rhythm with atrial premature beats,3.0,4091898,Sinus rhythm,Condition,SNOMED
Sinus rhythm with marked sinus arrhythmia with 1st degree AV block with frequent,3.0,4088347,Marked sinus arrhythmia,Condition,SNOMED
Sinus rhythm with marked sinus arrhythmia with Premature supraventricular complexes with occasional,3.0,4088347,Marked sinus arrhythmia,Condition,SNOMED
Sinus rhythm with Premature atrial complexes with 1st degree A-V block,3.0,4091898,Sinus rhythm,Condition,SNOMED
Sinus rhythm with premature atrial complexes with junctional escape complexes,3.0,4091898,Sinus rhythm,Condition,SNOMED
Sinus rhythm with sinus arrhythmia with short PR with frequent,3.0,4091898,Sinus rhythm,Condition,SNOMED
Sinus rhythm with ventricular bigeminy,3.0,4091898,Sinus rhythm,Condition,SNOMED
Sinus rhythm with VPB,3.0,4091898,Sinus rhythm,Condition,SNOMED
Sinus tachycardia with 1st degree AV block with premature atrial complexes,3.0,4007310,Sinus tachycardia,Condition,SNOMED
Sinus tachycardia with 1st degree A-V block with Premature supraventricular complexes with occasional,3.0,4007310,Sinus tachycardia,Condition,SNOMED
Sinus tachycardia with 2nd degree A-V block (Mobitz II) with frequent,3.0,4007310,Sinus tachycardia,Condition,SNOMED
Sinus tachycardia with 2nd degree A-V block with 2:1 A-V conduction with Premature atrial complexes,3.0,4007310,Sinus tachycardia,Condition,SNOMED
Sinus tachycardia with 2nd degree A-V block with 2:1 A-V conduction with Premature supraventricular complexes,3.0,4007310,Sinus tachycardia,Condition,SNOMED
ST & T change,3.0,4327859,Nonspecific ST-T abnormality on electrocardiogram,Condition,SNOMED
"ST elevation ,consider Early repolarization",3.0,4295129,ST segment elevation,Condition,SNOMED
ST elevation consider Early repolarization,3.0,4295129,ST segment elevation,Condition,SNOMED
"ST elevation, probably",3.0,4295129,ST segment elevation,Condition,SNOMED
ST-T changes,3.0,4327859,Nonspecific ST-T abnormality on electrocardiogram,Condition,SNOMED
Supraventricular tachycardia with Premature supraventricular complexes and with occasional,3.0,4275423,Supraventricular tachycardia,Condition,SNOMED
"Unusual P axis, possible ectopic atrial bradycardia with Premature supraventricular complexes with occasional",3.0,4181676,P wave axis - finding,Condition,SNOMED
"Unusual P axis, possible ectopic atrial rhythm with 1st degree A-V block with frequent",3.0,4181676,P wave axis - finding,Condition,SNOMED
"Unusual P axis, possible ectopic atrial rhythm with 2nd degree A-V block with 2:1 A-V conduction",3.0,4181676,P wave axis - finding,Condition,SNOMED
"Unusual P axis, possible ectopic atrial rhythm with Premature supraventricular complexes with occasional",3.0,4181676,P wave axis - finding,Condition,SNOMED
"Unusual P axis, possible ectopic atrial tachycardia with 2nd degree A-V block (Mobitz I) with occasional",3.0,4181676,P wave axis - finding,Condition,SNOMED
Ventricular tachycardia,3.0,4103295,Ventricular tachycardia,Condition,SNOMED
ventricular-paced complexes and premature supraventricular complexes and with occasional,3.0,4092038,Ventricular pacing pattern,Condition,SNOMED
Wide QRS rhythm with Premature supraventricular complexes with occasional,3.0,4321877,Wide QRS complex,Condition,SNOMED
1st degree AV block,2.0,314379,First degree atrioventricular block,Condition,SNOMED
Accelerated Junctional rhythm with Premature supraventricular complexes with frequent,2.0,4145359,EKG: accelerated junctional rhythm,Condition,SNOMED
anterior infarct,2.0,4180609,Anterior myocardial infarction on electrocardiogram,Condition,SNOMED
"anteroseptal infarct , age undetermined",2.0,4064610,ECG: antero-septal infarct,Condition,SNOMED
Atrial fibrillation with complete AV block,2.0,313217,Atrial fibrillation,Condition,SNOMED
Atrial fibrillation with rapid ventricular response with PVC,2.0,44782442,Atrial fibrillation with rapid ventricular response,Condition,SNOMED
Atrial fibrillation with rapid ventricular response with VPC,2.0,44782442,Atrial fibrillation with rapid ventricular response,Condition,SNOMED
Atrial fibrillation with slow ventricular response with ventricular premature complexes,2.0,313217,Atrial fibrillation,Condition,SNOMED
Atrial flutter with frequent,2.0,314665,Atrial flutter,Condition,SNOMED
Atrial flutter with Premature ventricular complexes,2.0,314665,Atrial flutter,Condition,SNOMED
Atrial flutter with variable A-V block with Premature ventricular complexes,2.0,314665,Atrial flutter,Condition,SNOMED
atrial premature beat,2.0,4115173,Atrial premature complex,Condition,SNOMED
Atrial tachycardia with 2:1 AV conduction,2.0,4171269,Atrial tachycardia,Condition,SNOMED
Atrial-paced rhythm with Premature supraventricular complexes and with occasional,2.0,4089488,Atrial pacing pattern,Condition,SNOMED
Atrial-paced rhythm with prolonged AV conduction with premature atrial complexes,2.0,4089488,Atrial pacing pattern,Condition,SNOMED
Atrial-paced rhythm with prolonged AV conduction with premature supraventricular complexes,2.0,4089488,Atrial pacing pattern,Condition,SNOMED
AV dual-paced complexes and Premature atrial complexes,2.0,4088998,AV sequential pacing pattern,Condition,SNOMED
AV dual-paced complexes and Premature supraventricular complexes and with occasional,2.0,4088998,AV sequential pacing pattern,Condition,SNOMED
"Cannot rule out Anterior infarct , age undetermined with frequent",2.0,4180609,Anterior myocardial infarction on electrocardiogram,Condition,SNOMED
complete AV block with Junctional rhythm,2.0,320744,Complete atrioventricular block,Condition,SNOMED
Ectopic atrial rhythm with Premature atrial complexes,2.0,4091898,Sinus rhythm,Condition,SNOMED
Ectopic atrial rhythm with short PR,2.0,4091898,Sinus rhythm,Condition,SNOMED
"Inferior infarct ,age undetermined",2.0,4247796,Inferior myocardial infarction on electrocardiogram,Condition,SNOMED
"inferior infarct, age undetermined",2.0,4247796,Inferior myocardial infarction on electrocardiogram,Condition,SNOMED
"Inferior infarct, age undetermined",2.0,4247796,Inferior myocardial infarction on electrocardiogram,Condition,SNOMED
Junctional rhythm with Premature atrial complexes,2.0,4038688,AV junctional rhythm,Condition,SNOMED
Junctional rhythm with premature supraventricular complexes,2.0,4038688,AV junctional rhythm,Condition,SNOMED
Junctional rhythm with ventricular escape complexes,2.0,4038688,AV junctional rhythm,Condition,SNOMED
Junctional rhythm with wide QRS,2.0,4038688,AV junctional rhythm,Condition,SNOMED
Left ventricular hypertrophy with QRS widening with repolarization abnormality,2.0,4184746,Left ventricular hypertrophy,Condition,SNOMED
Marked sinus bradycardia with 1st degree AV block with premature atrial complexes,2.0,4171683,Sinus bradycardia,Condition,SNOMED
Marked Sinus bradycardia with frequent,2.0,4171683,Sinus bradycardia,Condition,SNOMED
Marked sinus bradycardia with junctional escape complexes,2.0,4171683,Sinus bradycardia,Condition,SNOMED
Marked sinus bradycardia with short PR with frequent,2.0,4171683,Sinus bradycardia,Condition,SNOMED
Marked sinus bradycardia with short PR with Premature supraventricular complexes,2.0,4171683,Sinus bradycardia,Condition,SNOMED
Possible inferior ischemia,2.0,4137208,EKG: inferior ischemia,Condition,SNOMED
Mobitz type I AV block,2.0,4205137,Mobitz type I incomplete atrioventricular block,Condition,SNOMED
Possible Lateral ischemia,2.0,4137879,EKG: lateral ischemia,Condition,SNOMED
nonspecific intraventricular block,2.0,44784220,Non-specific intraventricular conduction delay,Condition,SNOMED
Nonspecific ST-T abnormality,2.0,4327859,Nonspecific ST-T abnormality on electrocardiogram,Condition,SNOMED
Nonspecific T wave abnormality with occasional,2.0,4065390,EKG: T wave abnormal,Condition,SNOMED
Nonspecific T wave changes,2.0,4065390,EKG: T wave abnormal,Condition,SNOMED
nonspecific Twave change,2.0,4065390,EKG: T wave abnormal,Condition,SNOMED
Normal sinus rhythm and 1st degree AV block,2.0,4276669,Normal sinus rhythm,Condition,SNOMED
Normal sinus rhythm with 2nd degree A-V block,2.0,4276669,Normal sinus rhythm,Condition,SNOMED
Normal sinus rhythm with Premature supraventricular complexes,2.0,4276669,Normal sinus rhythm,Condition,SNOMED
Normal sinus rhythm with short PR with occasional,2.0,4276669,Normal sinus rhythm,Condition,SNOMED
Normal sinus rhythm with sinus arrhythmia with Premature atrial complexes,2.0,4276669,Normal sinus rhythm,Condition,SNOMED
Possible anterior ischemia,2.0,4180609,Anterior myocardial infarction on electrocardiogram,Condition,SNOMED
"Possible Inferior-posterior infarct , age undetermined",2.0,4137208,EKG: inferior ischemia,Condition,SNOMED
possible Left atrial enlargement,2.0,43022066,Left atrial enlargement,Condition,SNOMED
Possible LVH,2.0,4184746,Left ventricular hypertrophy,Condition,SNOMED
premature ventricular complexes and ventricular bigeminy,2.0,4089462,Ventricular premature complex,Condition,SNOMED
Premature ventricular complexes with frequent,2.0,4089462,Ventricular premature complex,Condition,SNOMED
Premature ventricular complexes with Premature atrial complexes,2.0,4089462,Ventricular premature complex,Condition,SNOMED
Prolonged QT with frequent,2.0,4008859,Prolonged QT interval,Condition,SNOMED
Sinus bradycardia with 2nd degree A-V block (Mobitz I) with occasional,2.0,4171683,Sinus bradycardia,Condition,SNOMED
Sinus bradycardia with atrial premature beat,2.0,4171683,Sinus bradycardia,Condition,SNOMED
Sinus bradycardia with marked sinus arrhythmia with 1st degree A-V block with frequent,2.0,4171683,Sinus bradycardia,Condition,SNOMED
Sinus bradycardia with Premature atrial complexes with 1st degree A-V block,2.0,4171683,Sinus bradycardia,Condition,SNOMED
Sinus bradycardia with premature supraventricular complexes with frequent,2.0,4171683,Sinus bradycardia,Condition,SNOMED
Sinus bradycardia with VPB,2.0,4171683,Sinus bradycardia,Condition,SNOMED
Sinus rhythm and Premature atrial complexes,2.0,4091898,Sinus rhythm,Condition,SNOMED
Sinus rhythm with 2nd degree AV block (Mobitz II) with occasional,2.0,4091898,Sinus rhythm,Condition,SNOMED
Sinus rhythm with atrial premature complex,2.0,4091898,Sinus rhythm,Condition,SNOMED
Sinus rhythm with complete AV block,2.0,4091898,Sinus rhythm,Condition,SNOMED
Sinus rhythm with marked sinus arrhythmia with APC,2.0,4088347,Marked sinus arrhythmia,Condition,SNOMED
Sinus rhythm with marked sinus arrhythmia with premature supraventricular complexes,2.0,4088347,Marked sinus arrhythmia,Condition,SNOMED
Sinus rhythm with marked sinus arrhythmia with Premature supraventricular complexes and with occasional,2.0,4088347,Marked sinus arrhythmia,Condition,SNOMED
Sinus rhythm with marked sinus arrhythmia with Premature ventricular complexes,2.0,4088347,Marked sinus arrhythmia,Condition,SNOMED
Sinus rhythm with marked sinus arrhythmia with short PR with frequent,2.0,4088347,Marked sinus arrhythmia,Condition,SNOMED
Sinus rhythm with marked sinus arrhythmia with short PR with Premature supraventricular complexes,2.0,4088347,Marked sinus arrhythmia,Condition,SNOMED
Sinus rhythm with Premature atrial complexes and Premature ventricular complexes,2.0,4091898,Sinus rhythm,Condition,SNOMED
Sinus rhythm with Premature atrial complexes with occasional,2.0,4091898,Sinus rhythm,Condition,SNOMED
Sinus rhythm with premature supraventricular complexes and with frequent,2.0,4091898,Sinus rhythm,Condition,SNOMED
Sinus rhythm with premature supraventricular complexes with junctional escape complexes,2.0,4091898,Sinus rhythm,Condition,SNOMED
Sinus rhythm with short PR with premature supraventricular complexes,2.0,4171521,Shortened PR interval,Condition,SNOMED
Sinus rhythm with short PR with Premature supraventricular complexes and with frequent,2.0,4171521,Shortened PR interval,Condition,SNOMED
Sinus rhythm with sinus arrhythmia with Premature atrial complexes,2.0,4091898,Sinus rhythm,Condition,SNOMED
Sinus rhythm with sinus arrhythmia with Premature ventricular complexes,2.0,4091898,Sinus rhythm,Condition,SNOMED
Sinus rhythm with ventricular premature complexes,2.0,4091898,Sinus rhythm,Condition,SNOMED
Sinus rhythm with with Premature ventricular complexes,2.0,4091898,Sinus rhythm,Condition,SNOMED
Sinus tachycardia with 1st degree AV block with occasional,2.0,4007310,Sinus tachycardia,Condition,SNOMED
Sinus tachycardia with 1st degree A-V block with Premature supraventricular complexes and with frequent,2.0,4007310,Sinus tachycardia,Condition,SNOMED
Sinus tachycardia with 2nd degree A-V block (Mobitz I) with Premature supraventricular complexes with occasional,2.0,4007310,Sinus tachycardia,Condition,SNOMED
Sinus tachycardia with 2nd degree A-V block (Mobitz II) with occasional,2.0,4007310,Sinus tachycardia,Condition,SNOMED
Sinus tachycardia with 2nd degree A-V block with Premature atrial complexes,2.0,4007310,Sinus tachycardia,Condition,SNOMED
Sinus tachycardia with atrial premature complexes,2.0,4007310,Sinus tachycardia,Condition,SNOMED
Sinus tachycardia with premature ventricular complexes,2.0,4007310,Sinus tachycardia,Condition,SNOMED
Sinus tachycardia with PVC,2.0,4007310,Sinus tachycardia,Condition,SNOMED
Sinus tachycardia with short PR with Premature supraventricular complexes with occasional,2.0,4007310,Sinus tachycardia,Condition,SNOMED
"Nonspecific T wave abnormality , consider anterior ischemia",2.0,4139185,EKG: anterior ischemia,Condition,SNOMED
ST & Marked T wave abnormality,2.0,4327859,Nonspecific ST-T abnormality on electrocardiogram,Condition,SNOMED
"ST - T change, consider lateral ischemia",2.0,4137879,EKG: lateral ischemia,Condition,SNOMED
"ST abnormality, consider inferior ischemia",2.0,4137208,EKG: inferior ischemia,Condition,SNOMED
"ST abnormality, consider",2.0,4184762,EKG ST segment changes,Condition,SNOMED
ST change,2.0,4184762,EKG ST segment changes,Condition,SNOMED
"ST elevation, due to Early repolarization",2.0,4295129,ST segment elevation,Condition,SNOMED
"ST elevation,consider Early repolarization",2.0,4295129,ST segment elevation,Condition,SNOMED
"Nonspecific T wave abnormality , anterolateral ischemia",2.0,4139185,EKG: anterior ischemia,Condition,SNOMED
"ST change, consider anterolateral ischemia",2.0,4139185,EKG: anterior ischemia,Condition,SNOMED
T wave change,2.0,4065390,EKG: T wave abnormal,Condition,SNOMED
"T wave change, consider anterolateral ischemia",2.0,4139185,EKG: anterior ischemia,Condition,SNOMED
"Unusual P axis, possible ectopic atrial bradycardia with premature atrial complexes",2.0,4181676,P wave axis - finding,Condition,SNOMED
"Unusual P axis, possible ectopic atrial rhythm with 2nd degree A-V block (Mobitz I)",2.0,4181676,P wave axis - finding,Condition,SNOMED
"Unusual P axis, possible ectopic atrial rhythm with 2nd degree A-V block (Mobitz II)",2.0,4181676,P wave axis - finding,Condition,SNOMED
"Unusual P axis, possible ectopic atrial tachycardia with 2nd degree A-V block (Mobitz I) with frequent",2.0,4181676,P wave axis - finding,Condition,SNOMED
"Ventricular pre-excitation, WPW",2.0,4253363,Wolff-Parkinson-White pattern,Condition,SNOMED
Ventricular-paced rhythm with Premature supraventricular complexes,2.0,4092038,Ventricular pacing pattern,Condition,SNOMED
VPBs,2.0,4089462,Ventricular premature complex,Condition,SNOMED
VPC,2.0,4089462,Ventricular premature complex,Condition,SNOMED
wide QRS,2.0,4321877,Wide QRS complex,Condition,SNOMED
Wide QRS tachycardia with premature supraventricular complexes,2.0,4321877,Wide QRS complex,Condition,SNOMED
Wide QRS tachycardia with Premature supraventricular complexes and with frequent,2.0,4321877,Wide QRS complex,Condition,SNOMED
Wide QRS tachycardia with Premature supraventricular complexes with occasional,2.0,4321877,Wide QRS complex,Condition,SNOMED
2:1 conduction AV block,1.0,4111570,Partial atrioventricular block,Condition,SNOMED
2:1 high degree AV block,1.0,43020494,High degree second degree atrioventricular block,Condition,SNOMED
2nd AV block(mobitz type 2),1.0,313780,Mobitz type II atrioventricular block,Condition,SNOMED
2nd degree AV block (Mobitz type I),1.0,4205137,Mobitz type 1 second degree atrioventricular block,Condition,SNOMED
2nd degree AV block(Mobitz I),1.0,4205137,Mobitz type 1 second degree atrioventricular block,Condition,SNOMED
Accelerated Junctional rhythm with premature supraventricular complexes,1.0,4145359,EKG: accelerated junctional rhythm,Condition,SNOMED
Accelerated Junctional rhythm with premature supraventricular complexes and with occasional,1.0,4145359,EKG: accelerated junctional rhythm,Condition,SNOMED
Accelerated Junctional rhythm with premature supraventricular complexes with occasional,1.0,4145359,EKG: accelerated junctional rhythm,Condition,SNOMED
Accelerated Junctional rhythm with Premature ventricular complexes,1.0,4145359,EKG: accelerated junctional rhythm,Condition,SNOMED
Accelerated Junctional rhythm with PVC,1.0,4145359,EKG: accelerated junctional rhythm,Condition,SNOMED
"Anterolateral infarct , age undetermined with occasional",1.0,4184348,Anterolateral infarction by electrocardiogram,Condition,SNOMED
anteroseptal infarct,1.0,4064610,Anteroseptal infarction on electrocardiogram,Condition,SNOMED
"Anteroseptal infarct , age undetermined with occasional",1.0,4064610,Anteroseptal infarction on electrocardiogram,Condition,SNOMED
"Anteroseptal infarct ,age undetermined",1.0,4064610,Anteroseptal infarction on electrocardiogram,Condition,SNOMED
APB with occasional,1.0,4115173,Atrial premature complex,Condition,SNOMED
atrial and ventricular paced rhythm,1.0,4088998,AV sequential pacing pattern,Condition,SNOMED
Atrial fibrillation & flutter,1.0,313217,Atrial fibrillation,Condition,SNOMED
"Atrial fibrillation , Atrial flutter",1.0,313217,Atrial fibrillation,Condition,SNOMED
Atrial fibrillation and flutter,1.0,313217,Atrial fibrillation,Condition,SNOMED
Atrial fibrillation and Wide QRS rhythm,1.0,313217,Atrial fibrillation,Condition,SNOMED
Atrial fibrillation with a competing junctional Pacemaker with Premature ventricular complexes,1.0,313217,Atrial fibrillation,Condition,SNOMED
Atrial fibrillation with Atrial flutter,1.0,313217,Atrial fibrillation,Condition,SNOMED
Atrial fibrillation with junctional escape complexes,1.0,313217,Atrial fibrillation,Condition,SNOMED
Atrial fibrillation with multiple PVC,1.0,313217,Atrial fibrillation,Condition,SNOMED
Atrial fibrillation with premature atrial complexes,1.0,313217,Atrial fibrillation,Condition,SNOMED
Atrial fibrillation with Premature ventricular complexes with rapid ventricular response,1.0,44782442,Atrial fibrillation with rapid ventricular response,Condition,SNOMED
Atrial fibrillation with premature ventricular or aberrantly conducted complexes with VPC,1.0,313217,Atrial fibrillation,Condition,SNOMED
Atrial fibrillation with rapid ventricular response with ventricular premature complexes,1.0,44782442,Atrial fibrillation with rapid ventricular response,Condition,SNOMED
Atrial fibrillation with slow ventricular response with multiple PVC,1.0,313217,Atrial fibrillation,Condition,SNOMED
Atrial fibrillation with slow ventricular response with premature ventricular complexes,1.0,313217,Atrial fibrillation,Condition,SNOMED
Atrial fibrillation with slow ventricular response with VPB,1.0,313217,Atrial fibrillation,Condition,SNOMED
Atrial fibrillation with slow ventricular response with VPC,1.0,313217,Atrial fibrillation,Condition,SNOMED
Atrial fibrillation with slow ventricular response with VPCs,1.0,313217,Atrial fibrillation,Condition,SNOMED
Atrial fibrillation with with rapid ventricular response,1.0,44782442,Atrial fibrillation with rapid ventricular response,Condition,SNOMED
"Atrial flutter ,",1.0,314665,Atrial flutter,Condition,SNOMED
Atrial flutter with  2:1 AV conduction,1.0,314665,Atrial flutter,Condition,SNOMED
Atrial flutter with 1st degree A-V block,1.0,314665,Atrial flutter,Condition,SNOMED
"Atrial flutter with 2:1 A-V conduction ,",1.0,314665,Atrial flutter,Condition,SNOMED
Atrial flutter with 2:1 A-V conduction with occasional,1.0,314665,Atrial flutter,Condition,SNOMED
Atrial flutter with 2:1 A-V conduction with Premature ventricular complexes,1.0,314665,Atrial flutter,Condition,SNOMED
Atrial flutter with 2nd degree A-V block (Mobitz I),1.0,314665,Atrial flutter,Condition,SNOMED
Atrial flutter with 3:1 A-V conduction with premature ventricular complexes,1.0,314665,Atrial flutter,Condition,SNOMED
Atrial flutter with occasional,1.0,314665,Atrial flutter,Condition,SNOMED
Atrial flutter with Premature atrial complexes,1.0,314665,Atrial flutter,Condition,SNOMED
Atrial flutter with Premature supraventricular complexes,1.0,314665,Atrial flutter,Condition,SNOMED
Atrial flutter with variable  A-V block,1.0,314665,Atrial flutter,Condition,SNOMED
atrial premature beats,1.0,4115173,Atrial premature complex,Condition,SNOMED
Atrial tachycardia with 1st degree A-V block,1.0,4171269,Atrial tachycardia,Condition,SNOMED
Atrial tachycardia with 2:1 A-V conduction with 1st degree A-V block,1.0,4171269,Atrial tachycardia,Condition,SNOMED
Atrial tachycardia with 3:1 A-V conduction,1.0,4171269,Atrial tachycardia,Condition,SNOMED
Atrial tachycardia with 4:1 A-V conduction,1.0,4171269,Atrial tachycardia,Condition,SNOMED
Atrial tachycardia with AV block,1.0,4171269,Atrial tachycardia,Condition,SNOMED
atrial-paced complexes and Premature supraventricular complexes,1.0,4089488,Atrial pacing pattern,Condition,SNOMED
atrial-paced complexes and Premature supraventricular complexes and with occasional,1.0,4089488,Atrial pacing pattern,Condition,SNOMED
Atrial-paced rhythm with premature atrial complexes,1.0,4089488,Atrial pacing pattern,Condition,SNOMED
ATRIOVENTRICULAR BLOCK,1.0,316135,Atrioventricular block,Condition,SNOMED
AV Block,1.0,316135,Atrioventricular block,Condition,SNOMED
A-V dual paced rhythm,1.0,4088998,AV sequential pacing pattern,Condition,SNOMED
AV dual-paced complexes and Premature supraventricular complexes and with frequent,1.0,4088998,AV sequential pacing pattern,Condition,SNOMED
AV dual-paced rhythm with Premature supraventricular complexes and with occasional,1.0,4088998,AV sequential pacing pattern,Condition,SNOMED
AV dual-paced rhythm with prolonged AV conduction with Premature supraventricular complexes,1.0,4088998,AV sequential pacing pattern,Condition,SNOMED
cannot rule out anteroseptal infarct,1.0,4064610,Anteroseptal infarction on electrocardiogram,Condition,SNOMED
"cannot rule out Anteroseptal infarct , age undetermined",1.0,4064610,ECG: antero-septal infarct,Condition,SNOMED
"Cannot rule out anteroseptal infarct,age undetermined",1.0,4064610,Anteroseptal infarction on electrocardiogram,Condition,SNOMED
cannot rule out Inferior infarct,1.0,4247796,Inferior myocardial infarction on electrocardiogram,Condition,SNOMED
"cannot rule out Inferior infarct , age undetermined",1.0,4247796,Inferior myocardial infarction on electrocardiogram,Condition,SNOMED
complete  AV bolck,1.0,320744,Complete atrioventricular block,Condition,SNOMED
complete AV block with escape Junctional rhythm,1.0,320744,Complete atrioventricular block,Condition,SNOMED
early repolarizaion,1.0,4326509,Early repolarization,Condition,SNOMED
Ectopic atrial bradycardia with occasional,1.0,4169095,Bradycardia,Condition,SNOMED
"Ectopic atrial rhythm , short PR with frequent",1.0,4091898,Sinus rhythm,Condition,SNOMED
Ectopic atrial rhythm with 1st degree AV block,1.0,4091898,Sinus rhythm,Condition,SNOMED
Ectopic atrial rhythm with 2:1 A-V conduction,1.0,4091898,Sinus rhythm,Condition,SNOMED
Ectopic atrial rhythm with 2nd degree AV block (type I),1.0,4091898,Sinus rhythm,Condition,SNOMED
Ectopic atrial rhythm with APB,1.0,4091898,Sinus rhythm,Condition,SNOMED
Ectopic atrial rhythm with frequent,1.0,4091898,Sinus rhythm,Condition,SNOMED
Ectopic atrial rhythm with premature supraventricular complexes,1.0,4091898,Sinus rhythm,Condition,SNOMED
Ectopic atrial rhythm with ventricular premature complexes,1.0,4091898,Sinus rhythm,Condition,SNOMED
Ectopic atrial tachycardia with 1st degree A-V block,1.0,444070,Tachycardia,Condition,SNOMED
Electronic Ventricular Pacemaker,1.0,4138896,Cardiac pacemaker active on electrocardiogram,Condition,SNOMED
escape Junctional rhythm,1.0,4166380,Junctional escape beats,Condition,SNOMED
High degree AV block,1.0,43020494,High degree second degree atrioventricular block,Condition,SNOMED
incomplete RBBB,1.0,4088338,Incomplete right bundle branch block,Condition,SNOMED
"Inferior infarct ,",1.0,4247796,Inferior myocardial infarction on electrocardiogram,Condition,SNOMED
"Inferior infarct , age undetermined with occasional",1.0,4247796,Inferior myocardial infarction on electrocardiogram,Condition,SNOMED
"inferior infarct,age undetermined",1.0,4247796,Inferior myocardial infarction on electrocardiogram,Condition,SNOMED
"Inferior infarct,age undetermined",1.0,4247796,Inferior myocardial infarction on electrocardiogram,Condition,SNOMED
"Inferior infarction, age undetermined",1.0,4247796,Inferior myocardial infarction on electrocardiogram,Condition,SNOMED
Inferior MI,1.0,4247796,Inferior myocardial infarction on electrocardiogram,Condition,SNOMED
"Inferior myocardial infarct ,age undetermined",1.0,4247796,Inferior myocardial infarction on electrocardiogram,Condition,SNOMED
"Inferior myocardial infarct,age undetermined",1.0,4247796,Inferior myocardial infarction on electrocardiogram,Condition,SNOMED
"Inferoposterior infarct , age undetermined",1.0,4064349,EKG:posterior/inferior infarct,Condition,SNOMED
Intraventricular conduction defect,1.0,4166844,Intraventricular conduction defect,Condition,SNOMED
Intra-ventricular conduction delay,1.0,4166844,Intraventricular conduction defect,Condition,SNOMED
Junctional bradycardia with multiple PVC,1.0,4169095,Bradycardia,Condition,SNOMED
Junctional bradycardia with Premature supraventricular complexes with occasional,1.0,4169095,Bradycardia,Condition,SNOMED
junctional escape beats,1.0,4166380,Junctional escape beats,Condition,SNOMED
Junctional escape rhythm with premature ventricular complexes,1.0,4166380,Junctional escape beats,Condition,SNOMED
Junctional rhythm with 1st degree A-V block,1.0,4038688,AV junctional rhythm,Condition,SNOMED
Junctional rhythm with 3rd degree AV block,1.0,4038688,AV junctional rhythm,Condition,SNOMED
Junctional rhythm with PAC,1.0,4038688,AV junctional rhythm,Condition,SNOMED
Junctional rhythm with Premature supraventricular complexes with occasional,1.0,4038688,AV junctional rhythm,Condition,SNOMED
Junctional rhythm with PVC,1.0,4038688,AV junctional rhythm,Condition,SNOMED
"Junctional ST depression, nonspecific",1.0,4038688,AV junctional rhythm,Condition,SNOMED
Junctional tachycardia with occasional,1.0,4088503,AV junctional (nodal) tachycardia,Condition,SNOMED
lateral infarct,1.0,4064350,Lateral infarction on electrocardiogram,Condition,SNOMED
"lateral infarct , age undetermined",1.0,4064350,ECG: lateral infarction,Condition,SNOMED
Left anteriorfascicular block,1.0,4295336,Left anterior fascicular block,Condition,SNOMED
Left axis deviation with frequent,1.0,4215406,Left axis deviation,Condition,SNOMED
Left axis deviation with occasional,1.0,4215406,Left axis deviation,Condition,SNOMED
Left ventricular hypertrophy with repolarization abnormality & QRS widening,1.0,4184746,Left ventricular hypertrophy,Condition,SNOMED
Low voltage QRS with occasional,1.0,4088499,Low QRS voltages,Condition,SNOMED
Marked Sinus bradycardia,1.0,4171683,Sinus bradycardia,Condition,SNOMED
Marked Sinus bradycardia with 1st degree A-V block,1.0,4171683,Sinus bradycardia,Condition,SNOMED
Marked sinus bradycardia with 1st degree AV block with premature supraventricular complexes with occasional,1.0,4171683,Sinus bradycardia,Condition,SNOMED
Marked sinus bradycardia with 1st degree A-V block with Premature supraventricular complexes with occasional,1.0,4171683,Sinus bradycardia,Condition,SNOMED
Marked sinus bradycardia with 1st degree A-V block with sinus arrhythmia,1.0,4171683,Sinus bradycardia,Condition,SNOMED
Marked sinus bradycardia with 2nd degree AV block (mobitz 1) with occasional,1.0,4171683,Sinus bradycardia,Condition,SNOMED
Marked sinus bradycardia with 2nd degree AV block (Mobitz I),1.0,4171683,Sinus bradycardia,Condition,SNOMED
Marked Sinus bradycardia with 2nd degree A-V block (Mobitz I),1.0,4171683,Sinus bradycardia,Condition,SNOMED
Marked sinus bradycardia with 2nd degree A-V block (Mobitz I) with Premature supraventricular complexes,1.0,4171683,Sinus bradycardia,Condition,SNOMED
Marked sinus bradycardia with 2nd degree AV block (Mobitz II) with premature supraventricular complexes,1.0,4171683,Sinus bradycardia,Condition,SNOMED
Marked sinus bradycardia with 2nd degree AV block with 2:1 A-V conduction,1.0,4171683,Sinus bradycardia,Condition,SNOMED
Marked sinus bradycardia with APCs,1.0,4171683,Sinus bradycardia,Condition,SNOMED
Marked sinus bradycardia with marked sinus arrhythmia with junctional escape complexes with ventricular escape complexes,1.0,4171683,Sinus bradycardia,Condition,SNOMED
Marked sinus bradycardia with marked sinus arrhythmia with Premature supraventricular complexes,1.0,4171683,Sinus bradycardia,Condition,SNOMED
Marked sinus bradycardia with premature supraventricular complexes with frequent,1.0,4171683,Sinus bradycardia,Condition,SNOMED
Marked sinus bradycardia with premature supraventricular complexes with occasional,1.0,4171683,Sinus bradycardia,Condition,SNOMED
Marked sinus bradycardia with PVC,1.0,4171683,Sinus bradycardia,Condition,SNOMED
Marked sinus bradycardia with short PR with Premature supraventricular complexes with occasional,1.0,4171683,Sinus bradycardia,Condition,SNOMED
Marked sinus bradycardia with sinus arrhythmia with 1st degree AV block with occasional,1.0,4171683,Sinus bradycardia,Condition,SNOMED
Marked sinus bradycardia with sinus arrhythmia with junctional escape complexes,1.0,4171683,Sinus bradycardia,Condition,SNOMED
marked ST abnormality,1.0,4184762,EKG ST segment changes,Condition,SNOMED
"Marked ST abnormality, consider digitalis effect",1.0,4184762,EKG ST segment changes,Condition,SNOMED
marked T wave abnormality,1.0,4065390,EKG: T wave abnormal,Condition,SNOMED
Mobitz I second degree AV block,1.0,4205137,Mobitz type 1 second degree atrioventricular block,Condition,SNOMED
"Mobitz type I, 2nd degree AV block",1.0,4205137,Mobitz type 1 second degree atrioventricular block,Condition,SNOMED
myocardial ischemia,1.0,4064346,EKG myocardial ischemia,Condition,SNOMED
Nonspecific  T change,1.0,4065390,EKG: T wave abnormal,Condition,SNOMED
nonspecific intraventricular conduction block,1.0,44784220,Non-specific intraventricular conduction delay,Condition,SNOMED
Non-specific intra-ventricular conduction block with occasional,1.0,44784220,Non-specific intraventricular conduction delay,Condition,SNOMED
nonspecific ST - T change,1.0,4327859,Nonspecific ST-T abnormality on electrocardiogram,Condition,SNOMED
Sinus pause with junctional escape beat,1.0,4088210,Sinus arrest with junctional escape ,Condition,SNOMED
Nonspecific ST abnormality with occasional,1.0,4184762,EKG ST segment changes,Condition,SNOMED
"Nonspecific ST and T wave abnormality ,",1.0,4327859,Nonspecific ST-T abnormality on electrocardiogram,Condition,SNOMED
"Nonspecific ST and T wave abnormality , consider antrior ischemia",1.0,4139185,EKG: anterior ischemia,Condition,SNOMED
"Nonspecific ST and T wave abnormality , consider digitalis effect",1.0,4327859,Nonspecific ST-T abnormality on electrocardiogram,Condition,SNOMED
"Nonspecific ST and T wave abnormality , r/o digitalis effect",1.0,4327859,Nonspecific ST-T abnormality on electrocardiogram,Condition,SNOMED
Nonspecific ST and T wave abnormality with frequent,1.0,4327859,Nonspecific ST-T abnormality on electrocardiogram,Condition,SNOMED
Nonspecific ST changes,1.0,4184762,EKG ST segment changes,Condition,SNOMED
Nonspecific ST -T wave change,1.0,4327859,Nonspecific ST-T abnormality on electrocardiogram,Condition,SNOMED
nonspecific ST wave change,1.0,4184762,EKG ST segment changes,Condition,SNOMED
Nonspecific ST-T Change,1.0,4327859,Nonspecific ST-T abnormality on electrocardiogram,Condition,SNOMED
Nonspecific T abnormality,1.0,4065390,EKG: T wave abnormal,Condition,SNOMED
Nonspecific T changes,1.0,4065390,EKG: T wave abnormal,Condition,SNOMED
nonspecific T wave abnomality,1.0,4065390,EKG: T wave abnormal,Condition,SNOMED
"Nonspecific ST abnormality ,Consider anterior ischemia",1.0,4139185,EKG: anterior ischemia,Condition,SNOMED
nonspecific t wave change,1.0,4065390,EKG: T wave abnormal,Condition,SNOMED
Nonspecific T waves change,1.0,4065390,EKG: T wave abnormal,Condition,SNOMED
Nonspecific Twave change,1.0,4065390,EKG: T wave abnormal,Condition,SNOMED
nonspecificT wave change,1.0,4065390,EKG: T wave abnormal,Condition,SNOMED
NonspecificT wave change,1.0,4065390,EKG: T wave abnormal,Condition,SNOMED
nonspecofic T change,1.0,4065390,EKG: T wave abnormal,Condition,SNOMED
Normal sinus rhythm with 1st degree A-V block and PVC,1.0,4276669,Normal sinus rhythm,Condition,SNOMED
Normal sinus rhythm with 1st degree A-V block with APC,1.0,4276669,Normal sinus rhythm,Condition,SNOMED
Normal sinus rhythm with 1st degree AV block with frequent,1.0,4276669,Normal sinus rhythm,Condition,SNOMED
Normal sinus rhythm with 1st degree A-V block with junctional escape complexes,1.0,4276669,Normal sinus rhythm,Condition,SNOMED
Normal sinus rhythm with 1st degree A-V block with Premature ventricular complexes,1.0,4276669,Normal sinus rhythm,Condition,SNOMED
Normal sinus rhythm with 1st degree AV bolck,1.0,4276669,Normal sinus rhythm,Condition,SNOMED
Normal sinus rhythm with 2:1 A-V conduction,1.0,4276669,Normal sinus rhythm,Condition,SNOMED
Normal sinus rhythm with 2nd degree AV block (mobitz 2),1.0,4276669,Normal sinus rhythm,Condition,SNOMED
Normal sinus rhythm with 2nd degree AV block (Mobitz type ll),1.0,4276669,Normal sinus rhythm,Condition,SNOMED
Normal sinus rhythm with 2nd degree A-V block with 2:1 A-V conduction,1.0,4276669,Normal sinus rhythm,Condition,SNOMED
Normal sinus rhythm with 3rd degree AV block,1.0,4276669,Normal sinus rhythm,Condition,SNOMED
Normal sinus rhythm with APB,1.0,4276669,Normal sinus rhythm,Condition,SNOMED
Normal sinus rhythm with complete AV block,1.0,4276669,Normal sinus rhythm,Condition,SNOMED
Normal sinus rhythm with frequent PVC,1.0,4276669,Normal sinus rhythm,Condition,SNOMED
Normal sinus rhythm with Junctional rhythm,1.0,4276669,Normal sinus rhythm,Condition,SNOMED
Normal sinus rhythm with premature atrial complexes,1.0,4276669,Normal sinus rhythm,Condition,SNOMED
Normal sinus rhythm with sinus arrhythmia with Premature ventricular complexes,1.0,4276669,Normal sinus rhythm,Condition,SNOMED
Normal sinus rhythm with sinus arrhythmia with VPB,1.0,4276669,Normal sinus rhythm,Condition,SNOMED
Normal sinus rhythm with sinus pause,1.0,4276669,Normal sinus rhythm,Condition,SNOMED
Normal sinus rhythm with sinus pause with occasional,1.0,4276669,Normal sinus rhythm,Condition,SNOMED
Normal sinus rhythm with Ventricular trigeminy,1.0,4276669,Normal sinus rhythm,Condition,SNOMED
Pacemaker,1.0,4181993,Finding of cardiac pacemaker electrocardiographic pattern,Condition,SNOMED
possible anterior infarct,1.0,4180609,Anterior myocardial infarction on electrocardiogram,Condition,SNOMED
Possible anteroseptal infarct,1.0,4064610,Anteroseptal infarction on electrocardiogram,Condition,SNOMED
"Nonspecific ST and T wave abnormality , consider anterior ischemia",1.0,4139185,EKG: anterior ischemia,Condition,SNOMED
possible inferior ischemia,1.0,4137208,EKG: inferior ischemia,Condition,SNOMED
Possible Inferior ischemia,1.0,4137208,EKG: inferior ischemia,Condition,SNOMED
"Nonspecific ST and T wave abnormality , consider lateral ischemia",1.0,4137879,EKG: lateral ischemia,Condition,SNOMED
"Nonspecific ST change, consider lateral ischemia",1.0,4137879,EKG: lateral ischemia,Condition,SNOMED
Possible left  ventricular hypertrophy,1.0,4184746,Left ventricular hypertrophy,Condition,SNOMED
Possible left ventricular hypertyphy,1.0,4184746,Left ventricular hypertrophy,Condition,SNOMED
"Possible Posterior infarct , age undetermined",1.0,4253065,Posterior myocardial infarction on electrocardiogram,Condition,SNOMED
possible Right ventricular hypertrophy,1.0,4231591,Right ventricular hypertrophy,Condition,SNOMED
Possible Right ventricular hypertrophy with occasional,1.0,4231591,Right ventricular hypertrophy,Condition,SNOMED
"Nonspecific ST-t change , consider anterior ischemia",1.0,4139185,EKG: anterior ischemia,Condition,SNOMED
Premature atrial complexes and Premature ventricular complexes,1.0,4115173,Atrial premature complex,Condition,SNOMED
premature atrial complexes with frequent,1.0,4115173,Atrial premature complex,Condition,SNOMED
Premature atrial complexes with Premature ventricular complexes,1.0,4115173,Atrial premature complex,Condition,SNOMED
premature supraventricular complexes,1.0,441872,Supraventricular premature beats,Condition,SNOMED
Premature ventricular complexes & junctional escape beat,1.0,4089462,Ventricular premature complex,Condition,SNOMED
premature ventricular complexes & ventricular bigeminy,1.0,4089462,Ventricular premature complex,Condition,SNOMED
Premature ventricular complexes and APC,1.0,4089462,Ventricular premature complex,Condition,SNOMED
Premature ventricular complexes and frequently,1.0,4089462,Ventricular premature complex,Condition,SNOMED
Premature ventricular complexes and Prolonged QT,1.0,4089462,Ventricular premature complex,Condition,SNOMED
Premature ventricular complexes with 1st degree AV block,1.0,4089462,Ventricular premature complex,Condition,SNOMED
Premature ventricular complexes with 1st degree A-V block,1.0,4089462,Ventricular premature complex,Condition,SNOMED
Premature ventricular complexes with PAC,1.0,4089462,Ventricular premature complex,Condition,SNOMED
premature ventricular complexes with premature atrial complexes,1.0,4089462,Ventricular premature complex,Condition,SNOMED
Prolonged  QT,1.0,4008859,Prolonged QT interval,Condition,SNOMED
Prolonged QT C,1.0,4008859,Prolonged QT interval,Condition,SNOMED
Prolonged QT with occasional,1.0,4008859,Prolonged QT interval,Condition,SNOMED
PVC with 1st degree A-V block,1.0,4089462,Ventricular premature complex,Condition,SNOMED
"Right bundle branch block , age undetermined",1.0,314059,Right bundle branch block,Condition,SNOMED
Right bundle branch block with frequent,1.0,314059,Right bundle branch block,Condition,SNOMED
septal infarct,1.0,4030021,Septal infarction by electrocardiogram,Condition,SNOMED
short PR,1.0,4171521,Shortened PR interval,Condition,SNOMED
Short PR interval,1.0,4171521,Shortened PR interval,Condition,SNOMED
sinus arrhythmia with 1st degree A-V block,1.0,4217221,Nodal rhythm disorder,Condition,SNOMED
sinus arrhythmia with 1st degree A-V block with occasional,1.0,4217221,Nodal rhythm disorder,Condition,SNOMED
sinus arrhythmia with frequent,1.0,4217221,Nodal rhythm disorder,Condition,SNOMED
sinus arrhythmia with occasional,1.0,4217221,Nodal rhythm disorder,Condition,SNOMED
sinus arrhythmia with Premature supraventricular complexes and escape Junctional rhythm,1.0,4217221,Nodal rhythm disorder,Condition,SNOMED
Sinus bradycardia with 1st degree A-V block with PAC,1.0,4171683,Sinus bradycardia,Condition,SNOMED
Sinus bradycardia with 1st degree AV block with premature supraventricular complexes with frequent,1.0,4171683,Sinus bradycardia,Condition,SNOMED
Sinus bradycardia with atrial premature complexes,1.0,4171683,Sinus bradycardia,Condition,SNOMED
Sinus bradycardia with high degree 2:1 AV block,1.0,4171683,Sinus bradycardia,Condition,SNOMED
Sinus bradycardia with junctional escape beat,1.0,4171683,Sinus bradycardia,Condition,SNOMED
Sinus bradycardia with maked sinus arrhythmia,1.0,4171683,Sinus bradycardia,Condition,SNOMED
Sinus bradycardia with marked sinus arrhythmia and premature ventricular complexes,1.0,4171683,Sinus bradycardia,Condition,SNOMED
Sinus bradycardia with marked sinus arrhythmia with 1st degree AV block with occasional,1.0,4171683,Sinus bradycardia,Condition,SNOMED
Sinus bradycardia with marked sinus arrhythmia with premature supraventricular complexes,1.0,4171683,Sinus bradycardia,Condition,SNOMED
Sinus bradycardia with premature atrial complexes with junctional escape complexes,1.0,4171683,Sinus bradycardia,Condition,SNOMED
Sinus bradycardia with Premature atrial complexes with junctional escape complexes,1.0,4171683,Sinus bradycardia,Condition,SNOMED
Sinus bradycardia with premature ventricular complexes,1.0,4171683,Sinus bradycardia,Condition,SNOMED
Sinus bradycardia with Premature ventricular complexes with 2nd degree A-V block (Mobitz II),1.0,4171683,Sinus bradycardia,Condition,SNOMED
Sinus bradycardia with short PR interval,1.0,4171683,Sinus bradycardia,Condition,SNOMED
Sinus bradycardia with sinus arrhythmia with 1st degree AV block with occasional,1.0,4171683,Sinus bradycardia,Condition,SNOMED
Sinus pause with escape junctional beat,1.0,4088210,Sinus arrest with junctional escape ,Condition,SNOMED
sinus pause with escape junctional beats,1.0,4088210,Sinus arrest with junctional escape ,Condition,SNOMED
"Nonspecific ST-t change , consider lateral ischemia",1.0,4137879,EKG: lateral ischemia,Condition,SNOMED
Sinus rhythm and Wide QRS rhythm,1.0,4091898,Sinus rhythm,Condition,SNOMED
Sinus rhythm Frequent  APBs,1.0,4091898,Sinus rhythm,Condition,SNOMED
Sinus rhythm with 1st degree A-V block with atrial premature complexes,1.0,314379,First degree atrioventricular block,Condition,SNOMED
Sinus rhythm with 1st degree AV block with premature supraventricular complexes and with frequent,1.0,314379,First degree atrioventricular block,Condition,SNOMED
Sinus rhythm with 1st degree AV block with premature supraventricular complexes and with occasional,1.0,314379,First degree atrioventricular block,Condition,SNOMED
Sinus rhythm with 1st degree A-V block with VPB,1.0,314379,First degree atrioventricular block,Condition,SNOMED
Sinus rhythm with 1st degreeAVBlock,1.0,314379,First degree atrioventricular block,Condition,SNOMED
Sinus rhythm with 2nd degree (2:1 high grqde) AV block,1.0,4091898,Sinus rhythm,Condition,SNOMED
Sinus rhythm with 2nd degree AV block (Mobitz I) with frequent,1.0,4091898,Sinus rhythm,Condition,SNOMED
Sinus rhythm with 2nd degree AV block (Mobitz I) with occasional,1.0,4091898,Sinus rhythm,Condition,SNOMED
Sinus rhythm with 2nd degree A-V block (Mobitz II) with frequent,1.0,4091898,Sinus rhythm,Condition,SNOMED
Sinus rhythm with 2nd degree A-V block with 2:1 A-V conduction with occasional,1.0,4091898,Sinus rhythm,Condition,SNOMED
Sinus rhythm with 2nd degree A-V block with Premature atrial complexes,1.0,4091898,Sinus rhythm,Condition,SNOMED
Sinus rhythm with Accelerated Junctional rhythm,1.0,4091898,Sinus rhythm,Condition,SNOMED
Sinus rhythm with and Premature atrial complexes,1.0,4091898,Sinus rhythm,Condition,SNOMED
Sinus rhythm with APBs,1.0,4091898,Sinus rhythm,Condition,SNOMED
Sinus rhythm with atrial premature beat,1.0,4091898,Sinus rhythm,Condition,SNOMED
Sinus rhythm with Atrial premature beat,1.0,4091898,Sinus rhythm,Condition,SNOMED
Sinus rhythm with frequent premature ventricular complexes.,1.0,4091898,Sinus rhythm,Condition,SNOMED
Sinus rhythm with frequent premature ventricular complexs,1.0,4091898,Sinus rhythm,Condition,SNOMED
Sinus rhythm with frequent PVC,1.0,4091898,Sinus rhythm,Condition,SNOMED
Sinus rhythm with frequent ventricular premature complex,1.0,4091898,Sinus rhythm,Condition,SNOMED
Sinus rhythm with Frequent VPBs,1.0,4091898,Sinus rhythm,Condition,SNOMED
Sinus rhythm with marked sinus arrhythmia with 1st degree AV block with premature atrial complexes,1.0,4088347,Marked sinus arrhythmia,Condition,SNOMED
Sinus rhythm with marked sinus arrhythmia with 1st degree A-V block with Premature supraventricular complexes and with frequent,1.0,4088347,Marked sinus arrhythmia,Condition,SNOMED
Sinus rhythm with marked sinus arrhythmia with 1st degree A-V block with Premature supraventricular complexes and with occasional,1.0,4088347,Marked sinus arrhythmia,Condition,SNOMED
Sinus rhythm with marked sinus arrhythmia with 1st degree A-V block with Premature supraventricular complexes with occasional,1.0,4088347,Marked sinus arrhythmia,Condition,SNOMED
Sinus rhythm with marked sinus arrhythmia with Premature atrial complexes with junctional escape complexes,1.0,4088347,Marked sinus arrhythmia,Condition,SNOMED
Sinus rhythm with marked sinus arrhythmia with Premature supraventricular complexes and with frequent,1.0,4088347,Marked sinus arrhythmia,Condition,SNOMED
Sinus rhythm with marked sinus arrhythmia with short PR with junctional escape complexes,1.0,4088347,Marked sinus arrhythmia,Condition,SNOMED
Sinus rhythm with marked sinus arrhythmia with VPB,1.0,4088347,Marked sinus arrhythmia,Condition,SNOMED
Sinus rhythm with Mobitz I second degree AV block,1.0,4091898,Sinus rhythm,Condition,SNOMED
Sinus rhythm with multiple PVC,1.0,4091898,Sinus rhythm,Condition,SNOMED
Sinus rhythm with occasional Premature ventricular complexes,1.0,4091898,Sinus rhythm,Condition,SNOMED
Sinus rhythm with premature atrial complex,1.0,4091898,Sinus rhythm,Condition,SNOMED
Sinus rhythm with Premature atrial complexes and,1.0,4091898,Sinus rhythm,Condition,SNOMED
Sinus rhythm with Premature atrial complexes and PVC,1.0,4091898,Sinus rhythm,Condition,SNOMED
Sinus rhythm with Premature atrial complexes with 1st degree AV block,1.0,4091898,Sinus rhythm,Condition,SNOMED
Sinus rhythm with Premature atrial complexes with frequent,1.0,4091898,Sinus rhythm,Condition,SNOMED
Sinus rhythm with Premature atrial complexes with Premature ventricular complexes,1.0,4091898,Sinus rhythm,Condition,SNOMED
Sinus rhythm with premature atrial complexs,1.0,4091898,Sinus rhythm,Condition,SNOMED
Sinus rhythm with Premature atrial complexs,1.0,4091898,Sinus rhythm,Condition,SNOMED
Sinus rhythm with Premature ventricular complexes with premature atrial complexes,1.0,4091898,Sinus rhythm,Condition,SNOMED
Sinus rhythm with Premature ventricular complexes with Premature atrial complexes,1.0,4091898,Sinus rhythm,Condition,SNOMED
Sinus rhythm with PVC,1.0,4091898,Sinus rhythm,Condition,SNOMED
Sinus rhythm with short PR interval,1.0,4171521,Shortened PR interval,Condition,SNOMED
Sinus rhythm with short PR with atrial premature complexes,1.0,4171521,Shortened PR interval,Condition,SNOMED
Sinus rhythm with short PR with Premature supraventricular complexes with frequent,1.0,4171521,Shortened PR interval,Condition,SNOMED
Sinus rhythm with short PR with premature supraventricular complexes with occasional,1.0,4171521,Shortened PR interval,Condition,SNOMED
Sinus rhythm with short PR with premature ventricular complexes,1.0,4171521,Shortened PR interval,Condition,SNOMED
Sinus rhythm with short PR with with occasional,1.0,4171521,Shortened PR interval,Condition,SNOMED
Sinus rhythm with sinus arrhythmia with 2nd degree AV block,1.0,4091898,Sinus rhythm,Condition,SNOMED
Sinus rhythm with ventricular premature beat,1.0,4091898,Sinus rhythm,Condition,SNOMED
Sinus rhythm with Ventricular premature complex,1.0,4091898,Sinus rhythm,Condition,SNOMED
Sinus rhythm with Ventricular trigeminy,1.0,4091898,Sinus rhythm,Condition,SNOMED
Sinus rhythm with Ventricular-paced rhythm,1.0,4091898,Sinus rhythm,Condition,SNOMED
Sinus rhythm with VPC,1.0,4091898,Sinus rhythm,Condition,SNOMED
Sinus rhythm with Wide QRS rhythm,1.0,4091898,Sinus rhythm,Condition,SNOMED
Sinus rhythm with with 2nd degree A-V block (Mobitz I),1.0,4091898,Sinus rhythm,Condition,SNOMED
Sinus rhythm with with 2nd degree A-V block (Mobitz II),1.0,4091898,Sinus rhythm,Condition,SNOMED
Sinus rhythm with with Premature atrial complexes,1.0,4091898,Sinus rhythm,Condition,SNOMED
Sinus rhythm with with Premature supraventricular complexes,1.0,4091898,Sinus rhythm,Condition,SNOMED
Sinus rhythm with with VPB,1.0,4091898,Sinus rhythm,Condition,SNOMED
Sinus ryhthm with 1st degree AV block,1.0,4091898,Sinus rhythm,Condition,SNOMED
Sinus tachycardia and Premature ventricular complexes,1.0,4007310,Sinus tachycardia,Condition,SNOMED
Sinus tachycardia with 2nd degree A-V block (Mobitz I) with PAC,1.0,4007310,Sinus tachycardia,Condition,SNOMED
Sinus tachycardia with 2nd degree AV block (Mobitz II) with occasional,1.0,4007310,Sinus tachycardia,Condition,SNOMED
Sinus tachycardia with 2nd degree AV block (Mobitz II) with premature supraventricular complexes,1.0,4007310,Sinus tachycardia,Condition,SNOMED
Sinus tachycardia with 2nd degree A-V block with 3:1 A-V conduction with occasional,1.0,4007310,Sinus tachycardia,Condition,SNOMED
Sinus tachycardia with 2nd degree AV block with 3:1 AV conduction with premature atrial complexes,1.0,4007310,Sinus tachycardia,Condition,SNOMED
Sinus tachycardia with 2nd degree A-V block with 3:1 A-V conduction with Premature atrial complexes,1.0,4007310,Sinus tachycardia,Condition,SNOMED
Sinus tachycardia with 2nd degree A-V block with 4:1 A-V conduction with Premature atrial complexes,1.0,4007310,Sinus tachycardia,Condition,SNOMED
Sinus tachycardia with 2nd degree A-V block with Premature supraventricular complexes,1.0,4007310,Sinus tachycardia,Condition,SNOMED
Sinus tachycardia with APB,1.0,4007310,Sinus tachycardia,Condition,SNOMED
Sinus tachycardia with APC,1.0,4007310,Sinus tachycardia,Condition,SNOMED
Sinus tachycardia with APCs,1.0,4007310,Sinus tachycardia,Condition,SNOMED
Sinus tachycardia with complete AV block,1.0,4007310,Sinus tachycardia,Condition,SNOMED
Sinus tachycardia with Premature atrial complexes with 1st degree AV block,1.0,4007310,Sinus tachycardia,Condition,SNOMED
Sinus tachycardia with Premature atrial complexes with frequent,1.0,4007310,Sinus tachycardia,Condition,SNOMED
Sinus tachycardia with premature supraventricular complexes with junctional escape complexes,1.0,4007310,Sinus tachycardia,Condition,SNOMED
Sinus tachycardia with Premature supraventricular complexes with Premature ventricular complexes,1.0,4007310,Sinus tachycardia,Condition,SNOMED
Sinus tachycardia with Premature ventricular complexes and APCs,1.0,4007310,Sinus tachycardia,Condition,SNOMED
Sinus tachycardia with Premature ventricular complexes and Premature atrial complexes,1.0,4007310,Sinus tachycardia,Condition,SNOMED
Sinus tachycardia with short PR with Premature supraventricular complexes and with frequent,1.0,4007310,Sinus tachycardia,Condition,SNOMED
Sinus tachycardia with short PR with Premature supraventricular complexes with frequent,1.0,4007310,Sinus tachycardia,Condition,SNOMED
Sinus tachycardia with short PR with premature supraventricular complexes with occasional,1.0,4007310,Sinus tachycardia,Condition,SNOMED
Sinus tachycardia with ventricular bigeminy,1.0,4007310,Sinus tachycardia,Condition,SNOMED
ST - T changes,1.0,4327859,Nonspecific ST-T abnormality on electrocardiogram,Condition,SNOMED
ST - T wave abnormality,1.0,4327859,Nonspecific ST-T abnormality on electrocardiogram,Condition,SNOMED
"Nonspecific T wave abnormality , lateral ischemia",1.0,4137879,EKG: lateral ischemia,Condition,SNOMED
ST & T abnormality,1.0,4327859,Nonspecific ST-T abnormality on electrocardiogram,Condition,SNOMED
"ST & T wave abnormality , consider anterior ischemia or digitalis effect with frequent",1.0,4139185,EKG: anterior ischemia,Condition,SNOMED
"ST & T wave abnormality , consider inferior ischemia or digitalis effect with occasional",1.0,4137208,EKG: inferior ischemia,Condition,SNOMED
"ST abnormality, Lateral ischemia",1.0,4137879,EKG: lateral ischemia,Condition,SNOMED
"ST change ,lateral ischemia",1.0,4137879,EKG: lateral ischemia,Condition,SNOMED
"ST & T wave abnormality , consider lateral ischemia with frequent",1.0,4137879,EKG: lateral ischemia,Condition,SNOMED
"ST- T wave abnormality , consider lateral wall ischemia",1.0,4137879,EKG: lateral ischemia,Condition,SNOMED
st abnormality,1.0,4184762,EKG ST segment changes,Condition,SNOMED
St abnormality,1.0,4184762,EKG ST segment changes,Condition,SNOMED
"T  wave abnormality, consider lateral ischemia",1.0,4137879,EKG: lateral ischemia,Condition,SNOMED
"T wave abnormality ,consider lateral ischemia",1.0,4137879,EKG: lateral ischemia,Condition,SNOMED
ST and T wave change,1.0,4327859,Nonspecific ST-T abnormality on electrocardiogram,Condition,SNOMED
ST elevation consider Early repolarization .,1.0,4295129,ST segment elevation,Condition,SNOMED
ST elevation Early repolarization .,1.0,4295129,ST segment elevation,Condition,SNOMED
"ST elevation, consider ealry repolarization",1.0,4295129,ST segment elevation,Condition,SNOMED
"ST elevation, consider Early repolarization",1.0,4295129,ST segment elevation,Condition,SNOMED
"ST elevation, Early repolarization",1.0,4295129,ST segment elevation,Condition,SNOMED
ST elevation.,1.0,4295129,ST segment elevation,Condition,SNOMED
"ST elevatoin, consider Early repolarization",1.0,4295129,ST segment elevation,Condition,SNOMED
"ST elevstion, consider Early repolarization",1.0,4295129,ST segment elevation,Condition,SNOMED
"Nonspecific ST abnormality ,consider inferior and lateral ischemia",1.0,4137208,EKG: inferior ischemia,Condition,SNOMED
ST -T wave change,1.0,4327859,Nonspecific ST-T abnormality on electrocardiogram,Condition,SNOMED
"Nonspecific ST and T wave abnormality , anterolateral ischemia",1.0,4139185,EKG: anterior ischemia,Condition,SNOMED
"Nonspecific ST and T wave abnormality ,consider inferolateral ischemia",1.0,4137208,EKG: inferior ischemia,Condition,SNOMED
"ST & T wave abnormality , consider anterior ischemia and inferior ischemia",1.0,4139185,EKG: anterior ischemia,Condition,SNOMED
ST-T change,1.0,4327859,Nonspecific ST-T abnormality on electrocardiogram,Condition,SNOMED
Supraventricular tachycardia with Premature supraventricular complexes and with frequent,1.0,4275423,Supraventricular tachycardia,Condition,SNOMED
Supraventricular tachycardia with premature supraventricular complexes with occasional,1.0,4275423,Supraventricular tachycardia,Condition,SNOMED
"ST & T wave abnormality , consider lateral & inferior ischemia",1.0,4137208,EKG: inferior ischemia,Condition,SNOMED
ST abnormality consider inferolateral ischemia,1.0,4137208,EKG: inferior ischemia,Condition,SNOMED
"ST abnormality, consider anterolateral ischemia",1.0,4139185,EKG: anterior ischemia,Condition,SNOMED
"ST-T change,consider anterolateral ischemia",1.0,4139185,EKG: anterior ischemia,Condition,SNOMED
"T wave abnormality , consider anterior&inferior ischemia",1.0,4139185,EKG: anterior ischemia,Condition,SNOMED
"T wave abnormality , consider inferior ischemia or digitalis effect with occasional",1.0,4137208,EKG: inferior ischemia,Condition,SNOMED
"T wave abnormality , consider inferior and lateral ischemia",1.0,4137208,EKG: inferior ischemia,Condition,SNOMED
"T wave abnormality , consider inferior ischemia & lateral ischemia",1.0,4137208,EKG: inferior ischemia,Condition,SNOMED
Tall T waves,1.0,4089477,Tall T wave,Condition,SNOMED
Tall T-wave,1.0,4089477,Tall T wave,Condition,SNOMED
Tall Twaves,1.0,4089477,Tall T wave,Condition,SNOMED
"Unusual P axis, possible ectopic atrial bradycardia with premature supraventricular complexes",1.0,4181676,P wave axis - finding,Condition,SNOMED
"Unusual P axis, possible ectopic atrial bradycardia with Premature supraventricular complexes and with occasional",1.0,4181676,P wave axis - finding,Condition,SNOMED
"Unusual P axis, possible ectopic atrial bradycardia with short PR",1.0,4181676,P wave axis - finding,Condition,SNOMED
"Unusual P axis, possible ectopic atrial rhythm with 1 degree AV block",1.0,4181676,P wave axis - finding,Condition,SNOMED
"Unusual P axis, possible ectopic atrial rhythm with 1st degree A-V block with occasional",1.0,4181676,P wave axis - finding,Condition,SNOMED
"Unusual P axis, possible ectopic atrial rhythm with Premature supraventricular complexes with frequent",1.0,4181676,P wave axis - finding,Condition,SNOMED
"Unusual P axis, possible ectopic atrial tachycardia with 2nd degree AV block with 2:1 AV conduction",1.0,4181676,P wave axis - finding,Condition,SNOMED
"Unusual P axis, possible ectopic atrial tachycardia with 2nd degree A-V block with 4:1 A-V conduction with frequent",1.0,4181676,P wave axis - finding,Condition,SNOMED
"Unusual P axis, possible ectopic atrial tachycardia with Premature supraventricular complexes and with occasional",1.0,4181676,P wave axis - finding,Condition,SNOMED
"Unusual P axis, possible ectopic atrial tachycardia with Premature supraventricular complexes with frequent",1.0,4181676,P wave axis - finding,Condition,SNOMED
"Unusual P axis,frequent",1.0,4181676,P wave axis - finding,Condition,SNOMED
Unusual P wave axis,1.0,4181676,P wave axis - finding,Condition,SNOMED
Ventricular pacing beat,1.0,4092038,Ventricular pacing pattern,Condition,SNOMED
Ventricular pacing rhythm,1.0,4092038,Ventricular pacing pattern,Condition,SNOMED
"Ventricular Pre-excitation, WPW pattern",1.0,4253363,Wolff-Parkinson-White pattern,Condition,SNOMED
"Ventricular pre-excitation, WPW syndrome",1.0,4253363,Wolff-Parkinson-White pattern,Condition,SNOMED
Ventricular premature complexes,1.0,4089462,Ventricular premature complex,Condition,SNOMED
ventricular-paced complexes and premature atrial complexes,1.0,4092038,Ventricular pacing pattern,Condition,SNOMED
ventricular-paced complexes and Premature supraventricular complexes and with frequent,1.0,4092038,Ventricular pacing pattern,Condition,SNOMED
Ventricular-paced rhythm with junctional escape complexes,1.0,4092038,Ventricular pacing pattern,Condition,SNOMED
Wide QRS,1.0,4321877,Wide QRS complex,Condition,SNOMED
Wide QRS rhythm with APB and VPB,1.0,4321877,Wide QRS complex,Condition,SNOMED
Wide QRS rhythm with Premature supraventricular complexes and with frequent,1.0,4321877,Wide QRS complex,Condition,SNOMED
Wide QRS rhythm with Premature supraventricular complexes with frequent,1.0,4321877,Wide QRS complex,Condition,SNOMED
Wide QRS tachycardia with Premature supraventricular complexes and with occasional,1.0,4321877,Wide QRS complex,Condition,SNOMED
Wide QRS tachycardia with Premature supraventricular complexes with frequent,1.0,4321877,Wide QRS complex,Condition,SNOMED
with sinus arrhythmia with 1st degree A-V block,1.0,4217221,Nodal rhythm disorder,Condition,SNOMED
WPW pattern,1.0,4253363,Wolff-Parkinson-White pattern,Condition,SNOMED
Normal sinus rhythm with sinus arrhythmia,32654.0,4217221,Sinus arrhythmia,Condition,SNOMED
"T wave abnormality , consider lateral ischemia",20992.0,4065390,EKG: T wave abnormal,Condition,SNOMED
Sinus bradycardia with 1st degree A-V block,16182.0,314379,First degree atrioventricular block,Condition,SNOMED
"ST & T wave abnormality , consider lateral ischemia",15915.0,4327859,Nonspecific ST-T abnormality on electrocardiogram,Condition,SNOMED
"T wave abnormality , consider anterior ischemia",15578.0,4065390,EKG: T wave abnormal,Condition,SNOMED
"ST & T wave abnormality , consider anterolateral ischemia",13109.0,4137879,EKG: lateral ischemia,Condition,SNOMED
"T wave abnormality , consider inferior ischemia",12461.0,4065390,EKG: T wave abnormal,Condition,SNOMED
Sinus rhythm with Premature atrial complexes,10902.0,4115173,Atrial premature complex,Condition,SNOMED
Sinus bradycardia with sinus arrhythmia,10120.0,4217221,Nodal rhythm disorder,Condition,SNOMED
"T wave abnormality , consider anterolateral ischemia",9915.0,4137879,EKG: lateral ischemia,Condition,SNOMED
"ST & T wave abnormality , consider inferior ischemia",9639.0,4327859,Nonspecific ST-T abnormality on electrocardiogram,Condition,SNOMED
Atrial fibrillation with slow ventricular response,9151.0,4088350,Slow ventricular response,Condition,SNOMED
"ST & T wave abnormality , consider anterior ischemia",7222.0,4327859,Nonspecific ST-T abnormality on electrocardiogram,Condition,SNOMED
*** ** ** ** * ACUTE MI ** ** ** ** / STEMI ** **,5089.0,4296653,STEMI - ST elevation myocardial infarction,Condition,SNOMED
"ST & T wave abnormality , consider inferolateral ischemia",4768.0,4137879,EKG: lateral ischemia,Condition,SNOMED
"Unusual P axis, possible ectopic atrial rhythm",4466.0,4091898,Sinus rhythm,Condition,SNOMED
ST & Marked T wave abnormality consider anterolateral ischemia,4362.0,4137879,EKG: lateral ischemia,Condition,SNOMED
Sinus rhythm with Premature supraventricular complexes,4206.0,441872,Supraventricular premature beats,Condition,SNOMED
Sinus bradycardia with 1st degree AV block,4161.0,314379,First degree atrioventricular block,Condition,SNOMED
Sinus rhythm with sinus arrhythmia,3613.0,4217221,Nodal rhythm disorder,Condition,SNOMED
"T wave abnormality , consider inferolateral ischemia",3466.0,4137879,EKG: lateral ischemia,Condition,SNOMED
Sinus tachycardia with Premature atrial complexes,2825.0,4115173,Atrial premature complex,Condition,SNOMED
"ST & T wave abnormality , consider lateral ischemia or digitalis effect",2817.0,4327859,Nonspecific ST-T abnormality on electrocardiogram,Condition,SNOMED
"ST & T wave abnormality , consider inferior ischemia or digitalis effect",2421.0,4327859,Nonspecific ST-T abnormality on electrocardiogram,Condition,SNOMED
"ST & T wave abnormality , consider anterolateral ischemia or digitalis effect",2104.0,4137879,EKG: lateral ischemia,Condition,SNOMED
Marked sinus bradycardia with 1st degree A-V block,1941.0,314379,First degree atrioventricular block,Condition,SNOMED
"T wave abnormality , consider lateral ischemia or digitalis effect",1797.0,4065390,EKG: T wave abnormal,Condition,SNOMED
Sinus tachycardia with 1st degree A-V block,1775.0,314379,First degree atrioventricular block,Condition,SNOMED
Sinus tachycardia with short PR,1734.0,4171521,Shortened PR interval,Condition,SNOMED
"Unusual P axis, possible ectopic atrial bradycardia",1677.0,4169095,Bradycardia,Condition,SNOMED
Sinus bradycardia with marked sinus arrhythmia,1596.0,4088347,Marked sinus arrhythmia,Condition,SNOMED
Marked T wave abnormality consider anterolateral ischemia,1585.0,4137879,EKG: lateral ischemia,Condition,SNOMED
"T wave abnormality , consider inferior ischemia or digitalis effect",1567.0,4065390,EKG: T wave abnormal,Condition,SNOMED
Marked sinus bradycardia with sinus arrhythmia,1420.0,4217221,Nodal rhythm disorder,Condition,SNOMED
"ST & T wave abnormality , consider inferolateral ischemia or digitalis effect",1417.0,4137879,EKG: lateral ischemia,Condition,SNOMED
Sinus bradycardia with Premature atrial complexes,1351.0,4115173,Atrial premature complex,Condition,SNOMED
Atrial flutter with 2:1 A-V conduction,1251.0,4111570,Partial atrioventricular block,Condition,SNOMED
Sinus rhythm with 1st degree A-V block with Premature atrial complexes,1181.0,4115173,Atrial premature complex,Condition,SNOMED
Sinus rhythm with sinus arrhythmia with 1st degree A-V block,1181.0,4217221,Nodal rhythm disorder,Condition,SNOMED
"Right bundle branch block , plus Right ventricular hypertrophy",1151.0,4231591,Right ventricular hypertrophy,Condition,SNOMED
Sinus tachycardia with Premature supraventricular complexes,1102.0,441872,Supraventricular premature beats,Condition,SNOMED
Atrial flutter with 4:1 A-V conduction,1067.0,4111570,Partial atrioventricular block,Condition,SNOMED
"ST & T wave abnormality , consider anterior ischemia or digitalis effect",1053.0,4327859,Nonspecific ST-T abnormality on electrocardiogram,Condition,SNOMED
Sinus bradycardia with short PR,1043.0,4171521,Shortened PR interval,Condition,SNOMED
Sinus rhythm with premature atrial complexes,1024.0,4115173,Atrial premature complex,Condition,SNOMED
Premature ventricular complexes and Premature atrial complexes,953.0,4115173,Atrial premature complex,Condition,SNOMED
Junctional bradycardia,937.0,4166380,Junctional escape beats,Condition,SNOMED
Normal sinus rhythm with 1st degree A-V block,912.0,314379,First degree atrioventricular block,Condition,SNOMED
Atrial fibrillation with slow ventricular response with premature ventricular or aberrantly conducted complexes,847.0,4088350,Slow ventricular response,Condition,SNOMED
Atrial fibrillation with slow ventricular response with a competing junctional Pacemaker,843.0,4088350,Slow ventricular response,Condition,SNOMED
Sinus rhythm with sinus arrhythmia with occasional,767.0,4217221,Nodal rhythm disorder,Condition,SNOMED
"T wave abnormality , consider anterior ischemia or digitalis effect",739.0,4065390,EKG: T wave abnormal,Condition,SNOMED
"Marked T wave abnormality , consider lateral ischemia",661.0,4065390,EKG: T wave abnormal,Condition,SNOMED
Sinus rhythm with 2nd degree A-V block (Mobitz I),631.0,4205137,Mobitz type 1 second degree atrioventricular block,Condition,SNOMED
Marked sinus bradycardia with 1st degree AV block,582.0,314379,First degree atrioventricular block,Condition,SNOMED
Wide QRS tachycardia,582.0,444070,Tachycardia,Condition,SNOMED
Sinus rhythm with marked sinus arrhythmia with 1st degree A-V block,573.0,314379,First degree atrioventricular block,Condition,SNOMED
"T wave abnormality , consider inferolateral ischemia or digitalis effect",541.0,4137879,EKG: lateral ischemia,Condition,SNOMED
"Unusual P axis, possible ectopic atrial tachycardia",539.0,444070,Tachycardia,Condition,SNOMED
"Marked T-wave abnormality, consider inferolateral ischemia",537.0,4137879,EKG: lateral ischemia,Condition,SNOMED
"T wave abnormality , consider anterolateral ischemia or digitalis effect",532.0,4137879,EKG: lateral ischemia,Condition,SNOMED
Sinus bradycardia with sinus arrhythmia with 1st degree A-V block,528.0,4217221,Nodal rhythm disorder,Condition,SNOMED
Sinus rhythm with 1st degree A-V block with Premature supraventricular complexes,501.0,441872,Supraventricular premature beats,Condition,SNOMED
"ST & Marked T-wave abnormality, consider inferolateral ischemia",463.0,4137879,EKG: lateral ischemia,Condition,SNOMED
Sinus bradycardia with Premature supraventricular complexes,460.0,441872,Supraventricular premature beats,Condition,SNOMED
Sinus rhythm with premature supraventricular complexes,430.0,441872,Supraventricular premature beats,Condition,SNOMED
"ST & Marked T wave abnormality , consider lateral ischemia",427.0,4327859,Nonspecific ST-T abnormality on electrocardiogram,Condition,SNOMED
"Incomplete right bundle branch block , plus Right ventricular hypertrophy",407.0,4231591,Right ventricular hypertrophy,Condition,SNOMED
Sinus tachycardia with 2nd degree A-V block (Mobitz I),405.0,4205137,Mobitz type I incomplete atrioventricular block,Condition,SNOMED
Marked sinus bradycardia with marked sinus arrhythmia,363.0,4088347,Marked sinus arrhythmia,Condition,SNOMED
"ST & Marked T wave abnormality , consider anterolateral ischemia",315.0,4137879,EKG: lateral ischemia,Condition,SNOMED
Sinus rhythm with sinus arrhythmia with short PR,308.0,4217221,Nodal rhythm disorder,Condition,SNOMED
"ST & Marked T wave abnormality , consider anterior ischemia",286.0,4327859,Nonspecific ST-T abnormality on electrocardiogram,Condition,SNOMED
Sinus rhythm with Premature supraventricular complexes with occasional,258.0,441872,Supraventricular premature beats,Condition,SNOMED
"Marked T wave abnormality , consider anterior ischemia",255.0,4065390,EKG: T wave abnormal,Condition,SNOMED
Sinus bradycardia with marked sinus arrhythmia with 1st degree A-V block,251.0,4088347,Marked sinus arrhythmia,Condition,SNOMED
Sinus bradycardia with premature atrial complexes,251.0,4115173,Atrial premature complex,Condition,SNOMED
Sinus rhythm with 2nd degree A-V block with 2:1 A-V conduction,247.0,318448,Second degree atrioventricular block,Condition,SNOMED
Sinus bradycardia with 1st degree A-V block with Premature atrial complexes,231.0,314379,First degree atrioventricular block,Condition,SNOMED
Sinus rhythm with sinus arrhythmia with frequent,228.0,4217221,Nodal rhythm disorder,Condition,SNOMED
Sinus tachycardia with 2nd degree A-V block with 2:1 A-V conduction,224.0,318448,Second degree atrioventricular block,Condition,SNOMED
Sinus bradycardia with 1st degree A-V block with occasional,194.0,314379,First degree atrioventricular block,Condition,SNOMED
Sinus rhythm with Premature supraventricular complexes and with occasional,194.0,441872,Supraventricular premature beats,Condition,SNOMED
Atrial flutter with 3:1 A-V conduction,189.0,4111570,Partial atrioventricular block,Condition,SNOMED
Marked sinus bradycardia with Premature atrial complexes,168.0,4115173,Atrial premature complex,Condition,SNOMED
"ST & Marked T wave abnormality , consider inferior ischemia",140.0,4327859,Nonspecific ST-T abnormality on electrocardiogram,Condition,SNOMED
Marked sinus bradycardia with sinus arrhythmia with 1st degree A-V block,135.0,4217221,Nodal rhythm disorder,Condition,SNOMED
Sinus rhythm with sinus arrhythmia with 1st degree AV block,126.0,4217221,Nodal rhythm disorder,Condition,SNOMED
Accelerated Junctional rhythm with Premature supraventricular complexes,123.0,441872,Supraventricular premature beats,Condition,SNOMED
"Marked T wave abnormality , consider inferior ischemia",123.0,4065390,EKG: T wave abnormal,Condition,SNOMED
Sinus rhythm with short PR with Premature atrial complexes,118.0,4115173,Atrial premature complex,Condition,SNOMED
"Unusual P axis, possible ectopic atrial rhythm with occasional",118.0,4091898,Sinus rhythm,Condition,SNOMED
Sinus tachycardia with 1st degree A-V block with Premature atrial complexes,113.0,314379,First degree atrioventricular block,Condition,SNOMED
Sinus bradycardia with sinus arrhythmia with occasional,112.0,4217221,Nodal rhythm disorder,Condition,SNOMED
Sinus tachycardia with short PR with occasional,106.0,4171521,Shortened PR interval,Condition,SNOMED
Normal sinus rhythm with short PR,104.0,4171521,Shortened PR interval,Condition,SNOMED
Sinus tachycardia with 1st degree AV block,104.0,314379,First degree atrioventricular block,Condition,SNOMED
Marked sinus bradycardia with marked sinus arrhythmia with 1st degree A-V block,101.0,4088347,Marked sinus arrhythmia,Condition,SNOMED
"Unusual P axis, possible ectopic atrial rhythm with Premature atrial complexes",96.0,4091898,Sinus rhythm,Condition,SNOMED
"Marked T wave abnormality , consider anterolateral ischemia",94.0,4137879,EKG: lateral ischemia,Condition,SNOMED
Sinus tachycardia with 1st degree A-V block with occasional,92.0,314379,First degree atrioventricular block,Condition,SNOMED
Sinus rhythm with marked sinus arrhythmia with Premature atrial complexes,89.0,4115173,Atrial premature complex,Condition,SNOMED
Sinus bradycardia with sinus arrhythmia with 1st degree AV block,88.0,4217221,Nodal rhythm disorder,Condition,SNOMED
Marked sinus bradycardia with short PR,87.0,4171521,Shortened PR interval,Condition,SNOMED
Sinus rhythm with marked sinus arrhythmia with junctional escape complexes,87.0,4166380,Junctional escape beats,Condition,SNOMED
Atrial fibrillation with Premature ventricular complexes,83.0,4089462,Ventricular premature complex,Condition,SNOMED
Sinus rhythm with short PR with Premature supraventricular complexes,83.0,441872,Supraventricular premature beats,Condition,SNOMED
Sinus bradycardia with 1st degree A-V block with Premature supraventricular complexes,81.0,314379,First degree atrioventricular block,Condition,SNOMED
Sinus rhythm with Premature supraventricular complexes with frequent,80.0,441872,Supraventricular premature beats,Condition,SNOMED
Marked sinus bradycardia with Premature supraventricular complexes,79.0,441872,Supraventricular premature beats,Condition,SNOMED
Sinus bradycardia with premature supraventricular complexes,72.0,441872,Supraventricular premature beats,Condition,SNOMED
Sinus tachycardia with Premature supraventricular complexes with occasional,72.0,441872,Supraventricular premature beats,Condition,SNOMED
Premature atrial complexes with Premature supraventricular complexes,70.0,441872,Supraventricular premature beats,Condition,SNOMED
Sinus bradycardia with 1st degree A-V block with frequent,70.0,314379,First degree atrioventricular block,Condition,SNOMED
Sinus tachycardia with 1st degree A-V block with frequent,69.0,314379,First degree atrioventricular block,Condition,SNOMED
Sinus bradycardia with sinus arrhythmia with short PR,67.0,4217221,Nodal rhythm disorder,Condition,SNOMED
Sinus rhythm with 2nd degree AV block (Mobitz I),66.0,4205137,Mobitz type 1 second degree atrioventricular block,Condition,SNOMED
Sinus rhythm with Premature supraventricular complexes and with frequent,64.0,441872,Supraventricular premature beats,Condition,SNOMED
Sinus tachycardia with Premature supraventricular complexes and with occasional,64.0,441872,Supraventricular premature beats,Condition,SNOMED
Sinus bradycardia with marked sinus arrhythmia with occasional,63.0,4088347,Marked sinus arrhythmia,Condition,SNOMED
Sinus rhythm with sinus arrhythmia with 1st degree A-V block with occasional,63.0,4217221,Nodal rhythm disorder,Condition,SNOMED
Sinus tachycardia with 2nd degree A-V block (Mobitz II),62.0,313780,Mobitz type II atrioventricular block,Condition,SNOMED
Sinus rhythm with marked sinus arrhythmia with short PR,58.0,4171521,Shortened PR interval,Condition,SNOMED
Premature ventricular complexes with junctional escape complexes,57.0,4166380,Junctional escape beats,Condition,SNOMED
Sinus rhythm with Premature ventricular complexes,56.0,4089462,Ventricular premature complex,Condition,SNOMED
Normal sinus rhythm with 1st degree A-V block with occasional,55.0,314379,First degree atrioventricular block,Condition,SNOMED
Sinus tachycardia with 2nd degree A-V block with 3:1 A-V conduction,55.0,318448,Second degree atrioventricular block,Condition,SNOMED
ventricular-paced complexes and Premature supraventricular complexes,55.0,441872,Supraventricular premature beats,Condition,SNOMED
Sinus rhythm with 2nd degree A-V block (Mobitz II),54.0,313780,Mobitz type II atrioventricular block,Condition,SNOMED
Sinus tachycardia with 2nd degree AV block with 2:1 AV conduction,53.0,318448,Second degree atrioventricular block,Condition,SNOMED
Sinus bradycardia with 2nd degree A-V block (Mobitz I),51.0,4205137,Mobitz type 1 second degree atrioventricular block,Condition,SNOMED
Sinus tachycardia with 1st degree A-V block with Premature supraventricular complexes,50.0,314379,First degree atrioventricular block,Condition,SNOMED
"Unusual P axis, possible ectopic atrial rhythm with Premature supraventricular complexes",49.0,4091898,Sinus rhythm,Condition,SNOMED
Wide QRS tachycardia with frequent,49.0,444070,Tachycardia,Condition,SNOMED
Sinus rhythm with marked sinus arrhythmia with 1st degree A-V block with occasional,48.0,314379,First degree atrioventricular block,Condition,SNOMED
Sinus rhythm with marked sinus arrhythmia with Premature supraventricular complexes,48.0,441872,Supraventricular premature beats,Condition,SNOMED
Supraventricular tachycardia with Premature supraventricular complexes,48.0,441872,Supraventricular premature beats,Condition,SNOMED
Marked sinus bradycardia with 1st degree A-V block with Premature atrial complexes,44.0,314379,First degree atrioventricular block,Condition,SNOMED
Sinus rhythm with premature supraventricular complexes with occasional,44.0,441872,Supraventricular premature beats,Condition,SNOMED
Sinus tachycardia with short PR with frequent,44.0,4171521,Shortened PR interval,Condition,SNOMED
Junctional rhythm with Premature supraventricular complexes,42.0,441872,Supraventricular premature beats,Condition,SNOMED
Sinus tachycardia with 2nd degree A-V block (Mobitz I) with Premature supraventricular complexes,42.0,4205137,Mobitz type I incomplete atrioventricular block,Condition,SNOMED
premature ventricular complexes and premature atrial complexes,41.0,4115173,Atrial premature complex,Condition,SNOMED
Sinus rhythm with 1st degree AV block with premature atrial complexes,40.0,4115173,Atrial premature complex,Condition,SNOMED
Sinus tachycardia with short PR with Premature supraventricular complexes,39.0,4171521,Shortened PR interval,Condition,SNOMED
Junctional bradycardia with occasional,37.0,4166380,Junctional escape beats,Condition,SNOMED
Marked sinus bradycardia with premature atrial complexes,35.0,4115173,Atrial premature complex,Condition,SNOMED
Normal sinus rhythm with 1st degree AV block,35.0,314379,First degree atrioventricular block,Condition,SNOMED
Sinus tachycardia with premature atrial complexes,34.0,4115173,Atrial premature complex,Condition,SNOMED
Wide QRS tachycardia with occasional,34.0,444070,Tachycardia,Condition,SNOMED
Marked sinus bradycardia with 1st degree A-V block with frequent,33.0,314379,First degree atrioventricular block,Condition,SNOMED
Sinus tachycardia with short PR with Premature atrial complexes,32.0,4171521,Shortened PR interval,Condition,SNOMED
"Unusual P axis, possible ectopic atrial tachycardia with 2nd degree A-V block (Mobitz I)",32.0,444070,Tachycardia,Condition,SNOMED
Wide QRS rhythm with Premature supraventricular complexes,32.0,441872,Supraventricular premature beats,Condition,SNOMED
Marked sinus bradycardia with 1st degree A-V block with occasional,30.0,314379,First degree atrioventricular block,Condition,SNOMED
Marked sinus bradycardia with sinus arrhythmia with 1st degree AV block,30.0,4217221,Nodal rhythm disorder,Condition,SNOMED
Sinus tachycardia with junctional escape complexes,29.0,4166380,Junctional escape beats,Condition,SNOMED
"Unusual P axis, possible ectopic atrial tachycardia with occasional",29.0,444070,Tachycardia,Condition,SNOMED
Atrial fibrillation with slow ventricular response with occasional,28.0,4088350,Slow ventricular response,Condition,SNOMED
Atrial flutter with 4:1 AV conduction,28.0,4111570,Partial atrioventricular block,Condition,SNOMED
Sinus bradycardia with 1st degree AV block with occasional,27.0,314379,First degree atrioventricular block,Condition,SNOMED
Sinus rhythm with premature ventricular complexes,27.0,4089462,Ventricular premature complex,Condition,SNOMED
ventricular-paced complexes and Premature atrial complexes,27.0,4115173,Atrial premature complex,Condition,SNOMED
Normal sinus rhythm with 1st degree A-V block with frequent,26.0,314379,First degree atrioventricular block,Condition,SNOMED
Sinus rhythm with 1st degree A-V block with Premature supraventricular complexes with occasional,26.0,441872,Supraventricular premature beats,Condition,SNOMED
"Unusual P axis, possible ectopic atrial bradycardia with occasional",26.0,4169095,Bradycardia,Condition,SNOMED
"Unusual P axis, possible ectopic atrial rhythm with frequent",26.0,4091898,Sinus rhythm,Condition,SNOMED
Atrial fibrillation with slow ventricular response with frequent,25.0,4088350,Slow ventricular response,Condition,SNOMED
Atrial flutter with 2:1 AV conduction,24.0,4111570,Partial atrioventricular block,Condition,SNOMED
Marked sinus bradycardia with 1st degree A-V block with Premature supraventricular complexes,24.0,314379,First degree atrioventricular block,Condition,SNOMED
"Unusual P axis, possible ectopic atrial bradycardia with Premature atrial complexes",24.0,4169095,Bradycardia,Condition,SNOMED
"Unusual P axis, possible ectopic atrial tachycardia with Premature atrial complexes",24.0,444070,Tachycardia,Condition,SNOMED
Sinus bradycardia with marked sinus arrhythmia with frequent,23.0,4088347,Marked sinus arrhythmia,Condition,SNOMED
Sinus rhythm with 2nd degree A-V block (Mobitz I) with Premature supraventricular complexes,23.0,4205137,Mobitz type 1 second degree atrioventricular block,Condition,SNOMED
Sinus rhythm with marked sinus arrhythmia with 1st degree A-V block with Premature atrial complexes,23.0,314379,First degree atrioventricular block,Condition,SNOMED
"Unusual P axis, possible ectopic atrial tachycardia with Premature supraventricular complexes",23.0,444070,Tachycardia,Condition,SNOMED
Junctional bradycardia with Premature supraventricular complexes,22.0,4166380,Junctional escape beats,Condition,SNOMED
Sinus rhythm with sinus arrhythmia with junctional escape complexes,22.0,4217221,Nodal rhythm disorder,Condition,SNOMED
Normal sinus rhythm with Premature atrial complexes,21.0,4115173,Atrial premature complex,Condition,SNOMED
Sinus bradycardia with Premature supraventricular complexes with occasional,21.0,441872,Supraventricular premature beats,Condition,SNOMED
Sinus tachycardia with 2nd degree A-V block (Mobitz I) with occasional,21.0,4205137,Mobitz type I incomplete atrioventricular block,Condition,SNOMED
Sinus tachycardia with premature supraventricular complexes,21.0,441872,Supraventricular premature beats,Condition,SNOMED
"Marked T wave abnormality , consider inferolateral ischemia",20.0,4137879,EKG: lateral ischemia,Condition,SNOMED
Sinus rhythm with 1st degree A-V block with Premature supraventricular complexes and with occasional,20.0,441872,Supraventricular premature beats,Condition,SNOMED
Atrial-paced rhythm with Premature atrial complexes,19.0,4115173,Atrial premature complex,Condition,SNOMED
Normal sinus rhythm with sinus arrhythmia with 1st degree A-V block,19.0,4217221,Sinus arrhythmia,Condition,SNOMED
Sinus bradycardia with marked sinus arrhythmia with 1st degree AV block,19.0,4088347,Marked sinus arrhythmia,Condition,SNOMED
Sinus rhythm with 2nd degree A-V block (Mobitz II) with Premature supraventricular complexes,19.0,313780,Mobitz type II atrioventricular block,Condition,SNOMED
Sinus rhythm with marked sinus arrhythmia with 1st degree AV block,19.0,314379,First degree atrioventricular block,Condition,SNOMED
Sinus rhythm with marked sinus arrhythmia with 1st degree A-V block with junctional escape complexes,19.0,314379,First degree atrioventricular block,Condition,SNOMED
Accelerated Junctional rhythm with Premature supraventricular complexes with occasional,18.0,441872,Supraventricular premature beats,Condition,SNOMED
Atrial-paced rhythm with prolonged AV conduction with Premature atrial complexes,18.0,4115173,Atrial premature complex,Condition,SNOMED
Sinus rhythm with 2nd degree A-V block (Mobitz I) with occasional,18.0,4205137,Mobitz type 1 second degree atrioventricular block,Condition,SNOMED
Sinus rhythm with Premature atrial complexes with junctional escape complexes,18.0,4115173,Atrial premature complex,Condition,SNOMED
Sinus rhythm with 1st degree AV block with premature supraventricular complexes,17.0,441872,Supraventricular premature beats,Condition,SNOMED
Sinus rhythm with 2nd degree AV block with 2:1 AV conduction,17.0,318448,Second degree atrioventricular block,Condition,SNOMED
Normal sinus rhythm with Premature ventricular complexes,16.0,4089462,Ventricular premature complex,Condition,SNOMED
Sinus bradycardia with marked sinus arrhythmia with Premature atrial complexes,16.0,4088347,Marked sinus arrhythmia,Condition,SNOMED
Sinus tachycardia with Premature supraventricular complexes with frequent,16.0,441872,Supraventricular premature beats,Condition,SNOMED
"ST & Marked T wave abnormality , consider inferolateral ischemia",16.0,4137879,EKG: lateral ischemia,Condition,SNOMED
Atrial fibrillation with premature ventricular complexes,15.0,4089462,Ventricular premature complex,Condition,SNOMED
Sinus bradycardia with 1st degree AV block with premature atrial complexes,15.0,314379,First degree atrioventricular block,Condition,SNOMED
Sinus bradycardia with 2nd degree AV block (Mobitz I),15.0,4205137,Mobitz type 1 second degree atrioventricular block,Condition,SNOMED
Sinus bradycardia with marked sinus arrhythmia with Premature supraventricular complexes,15.0,4088347,Marked sinus arrhythmia,Condition,SNOMED
Sinus rhythm with sinus arrhythmia with 1st degree A-V block with frequent,15.0,4217221,Nodal rhythm disorder,Condition,SNOMED
"Unusual P axis, possible ectopic atrial rhythm with 1st degree A-V block",15.0,4091898,Sinus rhythm,Condition,SNOMED
"Unusual P axis, possible ectopic atrial tachycardia with frequent",15.0,444070,Tachycardia,Condition,SNOMED
Sinus bradycardia with marked sinus arrhythmia with short PR,14.0,4088347,Marked sinus arrhythmia,Condition,SNOMED
Sinus bradycardia with sinus arrhythmia with frequent,14.0,4217221,Nodal rhythm disorder,Condition,SNOMED
Sinus tachycardia with 1st degree AV block with frequent,14.0,314379,First degree atrioventricular block,Condition,SNOMED
Sinus tachycardia with 2nd degree AV block (Mobitz I),14.0,4205137,Mobitz type I incomplete atrioventricular block,Condition,SNOMED
"Unusual P axis, possible ectopic atrial tachycardia with 2nd degree A-V block with 2:1 A-V conduction",14.0,444070,Tachycardia,Condition,SNOMED
Marked sinus bradycardia with sinus arrhythmia with occasional,13.0,4217221,Nodal rhythm disorder,Condition,SNOMED
Sinus tachycardia with Premature supraventricular complexes and with frequent,13.0,441872,Supraventricular premature beats,Condition,SNOMED
Atrial fibrillation with rapid ventricular response with Premature ventricular complexes,12.0,4089462,Ventricular premature complex,Condition,SNOMED
Marked sinus bradycardia with marked sinus arrhythmia with 1st degree AV block,12.0,4088347,Marked sinus arrhythmia,Condition,SNOMED
Marked sinus bradycardia with premature supraventricular complexes,12.0,441872,Supraventricular premature beats,Condition,SNOMED
Sinus bradycardia with Premature supraventricular complexes and with occasional,12.0,441872,Supraventricular premature beats,Condition,SNOMED
Sinus rhythm with short PR with premature atrial complexes,12.0,4115173,Atrial premature complex,Condition,SNOMED
Sinus tachycardia with 2nd degree A-V block (Mobitz I) with frequent,12.0,4205137,Mobitz type I incomplete atrioventricular block,Condition,SNOMED
Sinus tachycardia with Premature supraventricular complexes with junctional escape complexes,12.0,441872,Supraventricular premature beats,Condition,SNOMED
"Unusual P axis, possible ectopic atrial bradycardia with Premature supraventricular complexes",12.0,4169095,Bradycardia,Condition,SNOMED
Sinus bradycardia with sinus arrhythmia with 1st degree A-V block with occasional,11.0,4217221,Nodal rhythm disorder,Condition,SNOMED
Sinus rhythm with Premature supraventricular complexes with junctional escape complexes,11.0,4089462,Ventricular premature complex,Condition,SNOMED
Supraventricular tachycardia with Premature supraventricular complexes with occasional,11.0,441872,Supraventricular premature beats,Condition,SNOMED
Sinus bradycardia with short PR with occasional,10.0,4171521,Shortened PR interval,Condition,SNOMED
Sinus rhythm with 2nd degree AV block (Mobitz II),10.0,313780,Mobitz type II atrioventricular block,Condition,SNOMED
Sinus rhythm with marked sinus arrhythmia with 1st degree A-V block with frequent,10.0,314379,First degree atrioventricular block,Condition,SNOMED
Sinus rhythm with marked sinus arrhythmia with 1st degree A-V block with Premature supraventricular complexes,10.0,314379,First degree atrioventricular block,Condition,SNOMED
Sinus tachycardia with 2nd degree A-V block with 4:1 A-V conduction,10.0,318448,Second degree atrioventricular block,Condition,SNOMED
"Unusual P axis, possible ectopic atrial bradycardia with frequent",10.0,4169095,Bradycardia,Condition,SNOMED
Wide QRS tachycardia with Premature supraventricular complexes,10.0,444070,Tachycardia,Condition,SNOMED
Atrial flutter with 3:1 AV conduction,9.0,4111570,Partial atrioventricular block,Condition,SNOMED
premature atrial complexes with premature supraventricular complexes,9.0,441872,Supraventricular premature beats,Condition,SNOMED
Sinus bradycardia with 2nd degree A-V block (Mobitz II),9.0,313780,Mobitz type II atrioventricular block,Condition,SNOMED
Sinus bradycardia with short PR with Premature supraventricular complexes,9.0,4171521,Shortened PR interval,Condition,SNOMED
Sinus rhythm with premature supraventricular complexes with frequent,9.0,441872,Supraventricular premature beats,Condition,SNOMED
Sinus tachycardia with 2nd degree AV block (Mobitz II),9.0,313780,Mobitz type II atrioventricular block,Condition,SNOMED
"Unusual P axis, possible ectopic atrial tachycardia with 2nd degree A-V block with 3:1 A-V conduction",9.0,444070,Tachycardia,Condition,SNOMED
Atrial fibrillation with ventricular premature complexes,8.0,4089462,Ventricular premature complex,Condition,SNOMED
Atrial tachycardia with 2:1 A-V conduction,8.0,4111570,Partial atrioventricular block,Condition,SNOMED
Marked sinus bradycardia with marked sinus arrhythmia with frequent,8.0,4088347,Marked sinus arrhythmia,Condition,SNOMED
Sinus bradycardia with 1st degree AV block with premature supraventricular complexes,8.0,314379,First degree atrioventricular block,Condition,SNOMED
Sinus bradycardia with premature supraventricular complexes with occasional,8.0,441872,Supraventricular premature beats,Condition,SNOMED
Sinus rhythm with 1st degree A-V block with Premature supraventricular complexes and with frequent,8.0,441872,Supraventricular premature beats,Condition,SNOMED
Sinus rhythm with 1st degree A-V block with Premature supraventricular complexes with frequent,8.0,441872,Supraventricular premature beats,Condition,SNOMED
Sinus rhythm with short PR with Premature supraventricular complexes with occasional,8.0,441872,Supraventricular premature beats,Condition,SNOMED
Sinus tachycardia with Premature atrial complexes with junctional escape complexes,8.0,4115173,Atrial premature complex,Condition,SNOMED
Accelerated Junctional rhythm with Premature supraventricular complexes and with occasional,7.0,441872,Supraventricular premature beats,Condition,SNOMED
Atrial fibrillation with PVC,7.0,4089462,Ventricular premature complex,Condition,SNOMED
Atrial-paced rhythm with Premature supraventricular complexes,7.0,441872,Supraventricular premature beats,Condition,SNOMED
Atrial-paced rhythm with prolonged AV conduction with Premature supraventricular complexes,7.0,441872,Supraventricular premature beats,Condition,SNOMED
Marked sinus bradycardia with marked sinus arrhythmia with occasional,7.0,4088347,Marked sinus arrhythmia,Condition,SNOMED
Marked sinus bradycardia with Premature supraventricular complexes with frequent,7.0,441872,Supraventricular premature beats,Condition,SNOMED
Marked sinus bradycardia with sinus arrhythmia with short PR,7.0,4217221,Nodal rhythm disorder,Condition,SNOMED
Normal sinus rhythm with 2nd degree A-V block (Mobitz I),7.0,4205137,Mobitz type I incomplete atrioventricular block,Condition,SNOMED
Sinus bradycardia with short PR with frequent,7.0,4171521,Shortened PR interval,Condition,SNOMED
Sinus rhythm with atrial premature complexes,7.0,4115173,Atrial premature complex,Condition,SNOMED
"ST abnormality, consider lateral ischemia",7.0,4184762,EKG ST segment changes,Condition,SNOMED
ventricular-paced complexes and premature supraventricular complexes,7.0,441872,Supraventricular premature beats,Condition,SNOMED
ventricular-paced complexes and Premature supraventricular complexes and with occasional,7.0,441872,Supraventricular premature beats,Condition,SNOMED
Atrial fibrillation with slow ventricular response with Premature ventricular complexes,6.0,4088350,Slow ventricular response,Condition,SNOMED
Marked sinus bradycardia with Premature supraventricular complexes with occasional,6.0,441872,Supraventricular premature beats,Condition,SNOMED
Normal sinus rhythm with sinus arrhythmia with short PR,6.0,4217221,Sinus arrhythmia,Condition,SNOMED
Sinus bradycardia with 1st degree A-V block with Premature supraventricular complexes and with occasional,6.0,314379,First degree atrioventricular block,Condition,SNOMED
Sinus bradycardia with 2nd degree A-V block with 2:1 A-V conduction,6.0,318448,Second degree atrioventricular block,Condition,SNOMED
Sinus rhythm with 1st degree A-V block with Premature ventricular complexes,6.0,4089462,Ventricular premature complex,Condition,SNOMED
Sinus rhythm with 2nd degree A-V block (Mobitz I) with frequent,6.0,4205137,Mobitz type 1 second degree atrioventricular block,Condition,SNOMED
Sinus rhythm with APC,6.0,4115173,Atrial premature complex,Condition,SNOMED
Sinus rhythm with short PR with Premature supraventricular complexes and with occasional,6.0,441872,Supraventricular premature beats,Condition,SNOMED
Sinus rhythm with sinus arrhythmia with short PR with occasional,6.0,4217221,Nodal rhythm disorder,Condition,SNOMED
Sinus tachycardia with 2nd degree A-V block,6.0,318448,Second degree atrioventricular block,Condition,SNOMED
"Unusual P axis, possible ectopic atrial rhythm with premature atrial complexes",6.0,4091898,Sinus rhythm,Condition,SNOMED
"Unusual P axis, possible ectopic atrial tachycardia with Premature supraventricular complexes with occasional",6.0,444070,Tachycardia,Condition,SNOMED
Wide QRS rhythm with Premature supraventricular complexes and with occasional,6.0,441872,Supraventricular premature beats,Condition,SNOMED
Accelerated Junctional rhythm with Premature supraventricular complexes and with frequent,5.0,441872,Supraventricular premature beats,Condition,SNOMED
Atrial fibrillation with VPC,5.0,4089462,Ventricular premature complex,Condition,SNOMED
AV dual-paced complexes and Premature supraventricular complexes,5.0,441872,Supraventricular premature beats,Condition,SNOMED
Junctional rhythm with Premature ventricular complexes,5.0,4089462,Ventricular premature complex,Condition,SNOMED
Marked sinus bradycardia with 2nd degree A-V block (Mobitz I),5.0,4205137,Mobitz type 1 second degree atrioventricular block,Condition,SNOMED
Marked sinus bradycardia with sinus arrhythmia with frequent,5.0,4217221,Nodal rhythm disorder,Condition,SNOMED
Normal sinus rhythm with sinus arrhythmia with occasional,5.0,4217221,Sinus arrhythmia,Condition,SNOMED
Premature ventricular complexes and Premature atrial complexes with junctional escape complexes,5.0,4115173,Atrial premature complex,Condition,SNOMED
Sinus bradycardia with 1st degree A-V block with Premature supraventricular complexes with occasional,5.0,314379,First degree atrioventricular block,Condition,SNOMED
Sinus bradycardia with 2nd degree AV block (Mobitz II),5.0,313780,Mobitz type II atrioventricular block,Condition,SNOMED
Sinus bradycardia with Premature supraventricular complexes with junctional escape complexes,5.0,441872,Supraventricular premature beats,Condition,SNOMED
Sinus rhythm with 2nd degree AV block (Mobitz II) with premature supraventricular complexes,5.0,313780,Mobitz type II atrioventricular block,Condition,SNOMED
Sinus rhythm with junctional escape complexes,5.0,4166380,Junctional escape beats,Condition,SNOMED
Sinus rhythm with marked sinus arrhythmia with premature atrial complexes,5.0,4115173,Atrial premature complex,Condition,SNOMED
Sinus rhythm with marked sinus arrhythmia with short PR with occasional,5.0,4171521,Shortened PR interval,Condition,SNOMED
Sinus rhythm with premature supraventricular complexes and with occasional,5.0,441872,Supraventricular premature beats,Condition,SNOMED
Sinus rhythm with with sinus arrhythmia,5.0,4217221,Nodal rhythm disorder,Condition,SNOMED
Sinus tachycardia with 1st degree AV block with premature supraventricular complexes,5.0,314379,First degree atrioventricular block,Condition,SNOMED
Sinus tachycardia with 1st degree A-V block with Premature supraventricular complexes and with occasional,5.0,314379,First degree atrioventricular block,Condition,SNOMED
Sinus tachycardia with Premature ventricular complexes,5.0,4089462,Ventricular premature complex,Condition,SNOMED
Possible Inferior-posterior infarct,5.0,4137879,EKG: lateral ischemia,Condition,SNOMED
"Unusual P axis, possible ectopic atrial tachycardia with 2nd degree A-V block (Mobitz II)",5.0,444070,Tachycardia,Condition,SNOMED
Marked sinus bradycardia with marked sinus arrhythmia with Premature atrial complexes,4.0,4088347,Marked sinus arrhythmia,Condition,SNOMED
Normal sinus rhythm with APC,4.0,4115173,Atrial premature complex,Condition,SNOMED
Normal sinus rhythm with premature ventricular complexes,4.0,4089462,Ventricular premature complex,Condition,SNOMED
Normal sinus rhythm with VPB,4.0,4089462,Ventricular premature complex,Condition,SNOMED
Sinus bradycardia with marked sinus arrhythmia with 1st degree A-V block with occasional,4.0,4088347,Marked sinus arrhythmia,Condition,SNOMED
Sinus bradycardia with Premature supraventricular complexes with frequent,4.0,441872,Supraventricular premature beats,Condition,SNOMED
Sinus bradycardia with Premature ventricular complexes,4.0,4089462,Ventricular premature complex,Condition,SNOMED
Sinus rhythm with 2nd degree A-V block (Mobitz I) with Premature supraventricular complexes with occasional,4.0,4205137,Mobitz type 1 second degree atrioventricular block,Condition,SNOMED
Sinus rhythm with 2nd degree A-V block (Mobitz II) with occasional,4.0,313780,Mobitz type II atrioventricular block,Condition,SNOMED
Sinus rhythm with sinus arrhythmia with 1st degree AV block with occasional,4.0,4217221,Nodal rhythm disorder,Condition,SNOMED
Sinus tachycardia with 1st degree A-V block with junctional escape complexes,4.0,314379,First degree atrioventricular block,Condition,SNOMED
Sinus tachycardia with 2nd degree A-V block (Mobitz I) with Premature supraventricular complexes and with occasional,4.0,4205137,Mobitz type I incomplete atrioventricular block,Condition,SNOMED
Sinus tachycardia with 2nd degree A-V block (Mobitz II) with Premature supraventricular complexes,4.0,313780,Mobitz type II atrioventricular block,Condition,SNOMED
Sinus tachycardia with 2nd degree A-V block with 2:1 A-V conduction with occasional,4.0,318448,Second degree atrioventricular block,Condition,SNOMED
Sinus tachycardia with 2nd degree AV block with 3:1 AV conduction,4.0,318448,Second degree atrioventricular block,Condition,SNOMED
Sinus tachycardia with premature supraventricular complexes with occasional,4.0,441872,Supraventricular premature beats,Condition,SNOMED
Sinus tachycardia with short PR with Premature supraventricular complexes and with occasional,4.0,4171521,Shortened PR interval,Condition,SNOMED
Supraventricular tachycardia with Premature supraventricular complexes with frequent,4.0,441872,Supraventricular premature beats,Condition,SNOMED
"Unusual P axis, possible ectopic atrial rhythm with premature supraventricular complexes",4.0,4091898,Sinus rhythm,Condition,SNOMED
"Unusual P axis, possible ectopic atrial tachycardia with 2nd degree A-V block with 4:1 A-V conduction",4.0,444070,Tachycardia,Condition,SNOMED
Atrial fibrillation with Junctional rhythm,3.0,4038688,AV junctional rhythm,Condition,SNOMED
Atrial fibrillation with Premature atrial complexes,3.0,4115173,Atrial premature complex,Condition,SNOMED
Atrial fibrillation with VPB,3.0,4089462,Ventricular premature complex,Condition,SNOMED
atrial-paced complexes and Premature atrial complexes,3.0,4115173,Atrial premature complex,Condition,SNOMED
Ectopic atrial rhythm with 1st degree A-V block,3.0,314379,First degree atrioventricular block,Condition,SNOMED
Junctional rhythm with Premature supraventricular complexes and with occasional,3.0,441872,Supraventricular premature beats,Condition,SNOMED
Marked sinus bradycardia with 1st degree AV block with frequent,3.0,314379,First degree atrioventricular block,Condition,SNOMED
Marked sinus bradycardia with marked sinus arrhythmia with 1st degree A-V block with occasional,3.0,4088347,Marked sinus arrhythmia,Condition,SNOMED
Marked sinus bradycardia with Premature atrial complexes with junctional escape complexes,3.0,4115173,Atrial premature complex,Condition,SNOMED
Marked sinus bradycardia with short PR with occasional,3.0,4171521,Shortened PR interval,Condition,SNOMED
Normal sinus rhythm with 2nd degree A-V block (Mobitz II),3.0,313780,Mobitz type II atrioventricular block,Condition,SNOMED
Normal sinus rhythm with PVC,3.0,4089462,Ventricular premature complex,Condition,SNOMED
Premature atrial complexes with junctional escape complexes,3.0,4166380,Junctional escape beats,Condition,SNOMED
Premature atrial complexes with Premature supraventricular complexes with occasional,3.0,441872,Supraventricular premature beats,Condition,SNOMED
premature ventricular complexes with junctional escape complexes,3.0,4166380,Junctional escape beats,Condition,SNOMED
Sinus bradycardia with 1st degree AV block with frequent,3.0,314379,First degree atrioventricular block,Condition,SNOMED
Sinus bradycardia with 2nd degree A-V block (Mobitz I) with 2:1 A-V conduction,3.0,4205137,Mobitz type 1 second degree atrioventricular block,Condition,SNOMED
Sinus bradycardia with 2nd degree A-V block (Mobitz I) with Premature supraventricular complexes,3.0,4205137,Mobitz type 1 second degree atrioventricular block,Condition,SNOMED
Sinus bradycardia with 2nd degree A-V block (Mobitz II) with Premature supraventricular complexes,3.0,313780,Mobitz type II atrioventricular block,Condition,SNOMED
Sinus bradycardia with 2nd degree AV block with 2:1 AV conduction,3.0,318448,Second degree atrioventricular block,Condition,SNOMED
Sinus bradycardia with marked sinus arrhythmia with short PR with occasional,3.0,4088347,Marked sinus arrhythmia,Condition,SNOMED
Sinus bradycardia with Premature supraventricular complexes and with frequent,3.0,441872,Supraventricular premature beats,Condition,SNOMED
Sinus bradycardia with PVC,3.0,4089462,Ventricular premature complex,Condition,SNOMED
Sinus bradycardia with sinus arrhythmia with 1st degree A-V block with frequent,3.0,4217221,Nodal rhythm disorder,Condition,SNOMED
Sinus rhythm and Premature ventricular complexes,3.0,4089462,Ventricular premature complex,Condition,SNOMED
Sinus rhythm with 2nd degree A-V block with 2:1 A-V conduction with Premature atrial complexes,3.0,318448,Second degree atrioventricular block,Condition,SNOMED
Sinus rhythm with APB,3.0,4115173,Atrial premature complex,Condition,SNOMED
Sinus rhythm with atrial premature beats,3.0,4115173,Atrial premature complex,Condition,SNOMED
Sinus rhythm with marked sinus arrhythmia with 1st degree AV block with frequent,3.0,314379,First degree atrioventricular block,Condition,SNOMED
Sinus rhythm with marked sinus arrhythmia with Premature supraventricular complexes with occasional,3.0,441872,Supraventricular premature beats,Condition,SNOMED
Sinus rhythm with Premature atrial complexes with 1st degree A-V block,3.0,4115173,Atrial premature complex,Condition,SNOMED
Sinus rhythm with premature atrial complexes with junctional escape complexes,3.0,4115173,Atrial premature complex,Condition,SNOMED
Sinus rhythm with sinus arrhythmia with short PR with frequent,3.0,4217221,Nodal rhythm disorder,Condition,SNOMED
Sinus rhythm with ventricular bigeminy,3.0,4008580,Ventricular bigeminy ,Condition,SNOMED
Sinus rhythm with VPB,3.0,4089462,Ventricular premature complex,Condition,SNOMED
Sinus tachycardia with 1st degree AV block with premature atrial complexes,3.0,314379,First degree atrioventricular block,Condition,SNOMED
Sinus tachycardia with 1st degree A-V block with Premature supraventricular complexes with occasional,3.0,314379,First degree atrioventricular block,Condition,SNOMED
Sinus tachycardia with 2nd degree A-V block (Mobitz II) with frequent,3.0,313780,Mobitz type II atrioventricular block,Condition,SNOMED
Sinus tachycardia with 2nd degree A-V block with 2:1 A-V conduction with Premature atrial complexes,3.0,318448,Second degree atrioventricular block,Condition,SNOMED
Sinus tachycardia with 2nd degree A-V block with 2:1 A-V conduction with Premature supraventricular complexes,3.0,318448,Second degree atrioventricular block,Condition,SNOMED
Supraventricular tachycardia with Premature supraventricular complexes and with occasional,3.0,441872,Supraventricular premature beats,Condition,SNOMED
"Unusual P axis, possible ectopic atrial bradycardia with Premature supraventricular complexes with occasional",3.0,4169095,Bradycardia,Condition,SNOMED
"Unusual P axis, possible ectopic atrial rhythm with 1st degree A-V block with frequent",3.0,4091898,Sinus rhythm,Condition,SNOMED
"Unusual P axis, possible ectopic atrial rhythm with 2nd degree A-V block with 2:1 A-V conduction",3.0,4091898,Sinus rhythm,Condition,SNOMED
"Unusual P axis, possible ectopic atrial rhythm with Premature supraventricular complexes with occasional",3.0,4091898,Sinus rhythm,Condition,SNOMED
"Unusual P axis, possible ectopic atrial tachycardia with 2nd degree A-V block (Mobitz I) with occasional",3.0,444070,Tachycardia,Condition,SNOMED
ventricular-paced complexes and premature supraventricular complexes and with occasional,3.0,441872,Supraventricular premature beats,Condition,SNOMED
Wide QRS rhythm with Premature supraventricular complexes with occasional,3.0,441872,Supraventricular premature beats,Condition,SNOMED
Accelerated Junctional rhythm with Premature supraventricular complexes with frequent,2.0,441872,Supraventricular premature beats,Condition,SNOMED
Atrial fibrillation with complete AV block,2.0,320744,Complete atrioventricular block,Condition,SNOMED
Atrial fibrillation with rapid ventricular response with PVC,2.0,4089462,Ventricular premature complex,Condition,SNOMED
Atrial fibrillation with rapid ventricular response with VPC,2.0,4089462,Ventricular premature complex,Condition,SNOMED
Atrial fibrillation with slow ventricular response with ventricular premature complexes,2.0,4088350,Slow ventricular response,Condition,SNOMED
Atrial flutter with Premature ventricular complexes,2.0,4089462,Ventricular premature complex,Condition,SNOMED
Atrial flutter with variable A-V block with Premature ventricular complexes,2.0,4089462,Ventricular premature complex,Condition,SNOMED
Atrial tachycardia with 2:1 AV conduction,2.0,4111570,Partial atrioventricular block,Condition,SNOMED
Atrial-paced rhythm with Premature supraventricular complexes and with occasional,2.0,441872,Supraventricular premature beats,Condition,SNOMED
Atrial-paced rhythm with prolonged AV conduction with premature atrial complexes,2.0,4115173,Atrial premature complex,Condition,SNOMED
Atrial-paced rhythm with prolonged AV conduction with premature supraventricular complexes,2.0,441872,Supraventricular premature beats,Condition,SNOMED
AV dual-paced complexes and Premature atrial complexes,2.0,4115173,Atrial premature complex,Condition,SNOMED
AV dual-paced complexes and Premature supraventricular complexes and with occasional,2.0,441872,Supraventricular premature beats,Condition,SNOMED
complete AV block with Junctional rhythm,2.0,4038688,AV junctional rhythm,Condition,SNOMED
Ectopic atrial rhythm with Premature atrial complexes,2.0,4115173,Atrial premature complex,Condition,SNOMED
Ectopic atrial rhythm with short PR,2.0,4171521,Shortened PR interval,Condition,SNOMED
Junctional rhythm with Premature atrial complexes,2.0,4115173,Atrial premature complex,Condition,SNOMED
Junctional rhythm with premature supraventricular complexes,2.0,441872,Supraventricular premature beats,Condition,SNOMED
Junctional rhythm with ventricular escape complexes,2.0,4166380,Junctional escape beats,Condition,SNOMED
Junctional rhythm with wide QRS,2.0,4321877,Wide QRS complex,Condition,SNOMED
Marked sinus bradycardia with 1st degree AV block with premature atrial complexes,2.0,314379,First degree atrioventricular block,Condition,SNOMED
Marked sinus bradycardia with junctional escape complexes,2.0,4166380,Junctional escape beats,Condition,SNOMED
Marked sinus bradycardia with short PR with frequent,2.0,4171521,Shortened PR interval,Condition,SNOMED
Marked sinus bradycardia with short PR with Premature supraventricular complexes,2.0,4171521,Shortened PR interval,Condition,SNOMED
Normal sinus rhythm and 1st degree AV block,2.0,314379,First degree atrioventricular block,Condition,SNOMED
Normal sinus rhythm with 2nd degree A-V block,2.0,318448,Second degree atrioventricular block,Condition,SNOMED
Normal sinus rhythm with Premature supraventricular complexes,2.0,441872,Supraventricular premature beats,Condition,SNOMED
Normal sinus rhythm with short PR with occasional,2.0,4171521,Shortened PR interval,Condition,SNOMED
Normal sinus rhythm with sinus arrhythmia with Premature atrial complexes,2.0,4217221,Sinus arrhythmia,Condition,SNOMED
"Possible Inferior-posterior infarct , age undetermined",2.0,4137879,EKG: lateral ischemia,Condition,SNOMED
premature ventricular complexes and ventricular bigeminy,2.0,4008580,Ventricular bigeminy ,Condition,SNOMED
Premature ventricular complexes with Premature atrial complexes,2.0,4115173,Atrial premature complex,Condition,SNOMED
Sinus bradycardia with 2nd degree A-V block (Mobitz I) with occasional,2.0,4205137,Mobitz type 1 second degree atrioventricular block,Condition,SNOMED
Sinus bradycardia with atrial premature beat,2.0,4115173,Atrial premature complex,Condition,SNOMED
Sinus bradycardia with marked sinus arrhythmia with 1st degree A-V block with frequent,2.0,4088347,Marked sinus arrhythmia,Condition,SNOMED
Sinus bradycardia with Premature atrial complexes with 1st degree A-V block,2.0,4115173,Atrial premature complex,Condition,SNOMED
Sinus bradycardia with premature supraventricular complexes with frequent,2.0,441872,Supraventricular premature beats,Condition,SNOMED
Sinus bradycardia with VPB,2.0,4089462,Ventricular premature complex,Condition,SNOMED
Sinus rhythm and Premature atrial complexes,2.0,4115173,Atrial premature complex,Condition,SNOMED
Sinus rhythm with 2nd degree AV block (Mobitz II) with occasional,2.0,313780,Mobitz type II atrioventricular block,Condition,SNOMED
Sinus rhythm with atrial premature complex,2.0,4115173,Atrial premature complex,Condition,SNOMED
Sinus rhythm with complete AV block,2.0,320744,Complete atrioventricular block,Condition,SNOMED
Sinus rhythm with marked sinus arrhythmia with APC,2.0,4115173,Atrial premature complex,Condition,SNOMED
Sinus rhythm with marked sinus arrhythmia with premature supraventricular complexes,2.0,441872,Supraventricular premature beats,Condition,SNOMED
Sinus rhythm with marked sinus arrhythmia with Premature supraventricular complexes and with occasional,2.0,441872,Supraventricular premature beats,Condition,SNOMED
Sinus rhythm with marked sinus arrhythmia with Premature ventricular complexes,2.0,4089462,Ventricular premature complex,Condition,SNOMED
Sinus rhythm with marked sinus arrhythmia with short PR with frequent,2.0,4171521,Shortened PR interval,Condition,SNOMED
Sinus rhythm with marked sinus arrhythmia with short PR with Premature supraventricular complexes,2.0,4171521,Shortened PR interval,Condition,SNOMED
Sinus rhythm with Premature atrial complexes and Premature ventricular complexes,2.0,4115173,Atrial premature complex,Condition,SNOMED
Sinus rhythm with Premature atrial complexes with occasional,2.0,4115173,Atrial premature complex,Condition,SNOMED
Sinus rhythm with premature supraventricular complexes and with frequent,2.0,441872,Supraventricular premature beats,Condition,SNOMED
Sinus rhythm with premature supraventricular complexes with junctional escape complexes,2.0,4089462,Ventricular premature complex,Condition,SNOMED
Sinus rhythm with short PR with premature supraventricular complexes,2.0,441872,Supraventricular premature beats,Condition,SNOMED
Sinus rhythm with short PR with Premature supraventricular complexes and with frequent,2.0,441872,Supraventricular premature beats,Condition,SNOMED
Sinus rhythm with sinus arrhythmia with Premature atrial complexes,2.0,4217221,Nodal rhythm disorder,Condition,SNOMED
Sinus rhythm with sinus arrhythmia with Premature ventricular complexes,2.0,4217221,Nodal rhythm disorder,Condition,SNOMED
Sinus rhythm with ventricular premature complexes,2.0,4089462,Ventricular premature complex,Condition,SNOMED
Sinus rhythm with with Premature ventricular complexes,2.0,4089462,Ventricular premature complex,Condition,SNOMED
Sinus tachycardia with 1st degree AV block with occasional,2.0,314379,First degree atrioventricular block,Condition,SNOMED
Sinus tachycardia with 1st degree A-V block with Premature supraventricular complexes and with frequent,2.0,314379,First degree atrioventricular block,Condition,SNOMED
Sinus tachycardia with 2nd degree A-V block (Mobitz I) with Premature supraventricular complexes with occasional,2.0,4205137,Mobitz type I incomplete atrioventricular block,Condition,SNOMED
Sinus tachycardia with 2nd degree A-V block (Mobitz II) with occasional,2.0,313780,Mobitz type II atrioventricular block,Condition,SNOMED
Sinus tachycardia with 2nd degree A-V block with Premature atrial complexes,2.0,318448,Second degree atrioventricular block,Condition,SNOMED
Sinus tachycardia with atrial premature complexes,2.0,4115173,Atrial premature complex,Condition,SNOMED
Sinus tachycardia with premature ventricular complexes,2.0,4089462,Ventricular premature complex,Condition,SNOMED
Sinus tachycardia with PVC,2.0,4089462,Ventricular premature complex,Condition,SNOMED
Sinus tachycardia with short PR with Premature supraventricular complexes with occasional,2.0,4171521,Shortened PR interval,Condition,SNOMED
"Nonspecific T wave abnormality , consider anterior ischemia",2.0,4065390,EKG: T wave abnormal,Condition,SNOMED
"ST - T change, consider lateral ischemia",2.0,4327859,Nonspecific ST-T abnormality on electrocardiogram,Condition,SNOMED
"ST abnormality, consider inferior ischemia",2.0,4184762,EKG ST segment changes,Condition,SNOMED
"Nonspecific T wave abnormality , anterolateral ischemia",2.0,4137879,EKG: lateral ischemia,Condition,SNOMED
"ST change, consider anterolateral ischemia",2.0,4137879,EKG: lateral ischemia,Condition,SNOMED
"T wave change, consider anterolateral ischemia",2.0,4137879,EKG: lateral ischemia,Condition,SNOMED
"Unusual P axis, possible ectopic atrial bradycardia with premature atrial complexes",2.0,4169095,Bradycardia,Condition,SNOMED
"Unusual P axis, possible ectopic atrial rhythm with 2nd degree A-V block (Mobitz I)",2.0,4091898,Sinus rhythm,Condition,SNOMED
"Unusual P axis, possible ectopic atrial rhythm with 2nd degree A-V block (Mobitz II)",2.0,4091898,Sinus rhythm,Condition,SNOMED
"Unusual P axis, possible ectopic atrial tachycardia with 2nd degree A-V block (Mobitz I) with frequent",2.0,444070,Tachycardia,Condition,SNOMED
Ventricular-paced rhythm with Premature supraventricular complexes,2.0,441872,Supraventricular premature beats,Condition,SNOMED
Wide QRS tachycardia with premature supraventricular complexes,2.0,444070,Tachycardia,Condition,SNOMED
Wide QRS tachycardia with Premature supraventricular complexes and with frequent,2.0,444070,Tachycardia,Condition,SNOMED
Wide QRS tachycardia with Premature supraventricular complexes with occasional,2.0,444070,Tachycardia,Condition,SNOMED
Accelerated Junctional rhythm with premature supraventricular complexes,1.0,441872,Supraventricular premature beats,Condition,SNOMED
Accelerated Junctional rhythm with premature supraventricular complexes and with occasional,1.0,441872,Supraventricular premature beats,Condition,SNOMED
Accelerated Junctional rhythm with premature supraventricular complexes with occasional,1.0,441872,Supraventricular premature beats,Condition,SNOMED
Accelerated Junctional rhythm with Premature ventricular complexes,1.0,4089462,Ventricular premature complex,Condition,SNOMED
Accelerated Junctional rhythm with PVC,1.0,4089462,Ventricular premature complex,Condition,SNOMED
Atrial fibrillation & flutter,1.0,314665,Atrial flutter,Condition,SNOMED
"Atrial fibrillation , Atrial flutter",1.0,314665,Atrial flutter,Condition,SNOMED
Atrial fibrillation and flutter,1.0,314665,Atrial flutter,Condition,SNOMED
Atrial fibrillation and Wide QRS rhythm,1.0,4321877,Wide QRS complex,Condition,SNOMED
Atrial fibrillation with a competing junctional Pacemaker with Premature ventricular complexes,1.0,4089462,Ventricular premature complex,Condition,SNOMED
Atrial fibrillation with Atrial flutter,1.0,314665,Atrial flutter,Condition,SNOMED
Atrial fibrillation with junctional escape complexes,1.0,4166380,Junctional escape beats,Condition,SNOMED
Atrial fibrillation with multiple PVC,1.0,4088985,Multiple premature ventricular complexes,Condition,SNOMED
Atrial fibrillation with premature atrial complexes,1.0,4115173,Atrial premature complex,Condition,SNOMED
Atrial fibrillation with Premature ventricular complexes with rapid ventricular response,1.0,4089462,Ventricular premature complex,Condition,SNOMED
Atrial fibrillation with premature ventricular or aberrantly conducted complexes with VPC,1.0,4089462,Ventricular premature complex,Condition,SNOMED
Atrial fibrillation with rapid ventricular response with ventricular premature complexes,1.0,4089462,Ventricular premature complex,Condition,SNOMED
Atrial fibrillation with slow ventricular response with multiple PVC,1.0,4088350,Slow ventricular response,Condition,SNOMED
Atrial fibrillation with slow ventricular response with premature ventricular complexes,1.0,4088350,Slow ventricular response,Condition,SNOMED
Atrial fibrillation with slow ventricular response with VPB,1.0,4088350,Slow ventricular response,Condition,SNOMED
Atrial fibrillation with slow ventricular response with VPC,1.0,4088350,Slow ventricular response,Condition,SNOMED
Atrial fibrillation with slow ventricular response with VPCs,1.0,4088350,Slow ventricular response,Condition,SNOMED
Atrial flutter with  2:1 AV conduction,1.0,4111570,Partial atrioventricular block,Condition,SNOMED
Atrial flutter with 1st degree A-V block,1.0,314379,First degree atrioventricular block,Condition,SNOMED
"Atrial flutter with 2:1 A-V conduction ,",1.0,4111570,Partial atrioventricular block,Condition,SNOMED
Atrial flutter with 2:1 A-V conduction with occasional,1.0,4111570,Partial atrioventricular block,Condition,SNOMED
Atrial flutter with 2:1 A-V conduction with Premature ventricular complexes,1.0,4111570,Partial atrioventricular block,Condition,SNOMED
Atrial flutter with 2nd degree A-V block (Mobitz I),1.0,4205137,Mobitz type 1 second degree atrioventricular block,Condition,SNOMED
Atrial flutter with 3:1 A-V conduction with premature ventricular complexes,1.0,4111570,Partial atrioventricular block,Condition,SNOMED
Atrial flutter with Premature atrial complexes,1.0,4115173,Atrial premature complex,Condition,SNOMED
Atrial flutter with Premature supraventricular complexes,1.0,441872,Supraventricular premature beats,Condition,SNOMED
Atrial tachycardia with 1st degree A-V block,1.0,314379,First degree atrioventricular block,Condition,SNOMED
Atrial tachycardia with 2:1 A-V conduction with 1st degree A-V block,1.0,314379,First degree atrioventricular block,Condition,SNOMED
Atrial tachycardia with 3:1 A-V conduction,1.0,4111570,Partial atrioventricular block,Condition,SNOMED
Atrial tachycardia with 4:1 A-V conduction,1.0,4111570,Partial atrioventricular block,Condition,SNOMED
Atrial tachycardia with AV block,1.0,316135,Atrioventricular block,Condition,SNOMED
atrial-paced complexes and Premature supraventricular complexes,1.0,441872,Supraventricular premature beats,Condition,SNOMED
atrial-paced complexes and Premature supraventricular complexes and with occasional,1.0,441872,Supraventricular premature beats,Condition,SNOMED
Atrial-paced rhythm with premature atrial complexes,1.0,4115173,Atrial premature complex,Condition,SNOMED
AV dual-paced complexes and Premature supraventricular complexes and with frequent,1.0,441872,Supraventricular premature beats,Condition,SNOMED
AV dual-paced rhythm with Premature supraventricular complexes and with occasional,1.0,441872,Supraventricular premature beats,Condition,SNOMED
AV dual-paced rhythm with prolonged AV conduction with Premature supraventricular complexes,1.0,441872,Supraventricular premature beats,Condition,SNOMED
complete AV block with escape Junctional rhythm,1.0,4166380,Junctional escape beats,Condition,SNOMED
"Ectopic atrial rhythm , short PR with frequent",1.0,4171521,Shortened PR interval,Condition,SNOMED
Ectopic atrial rhythm with 1st degree AV block,1.0,314379,First degree atrioventricular block,Condition,SNOMED
Ectopic atrial rhythm with 2:1 A-V conduction,1.0,4111570,Partial atrioventricular block,Condition,SNOMED
Ectopic atrial rhythm with 2nd degree AV block (type I),1.0,4205137,Mobitz type I incomplete atrioventricular block,Condition,SNOMED
Ectopic atrial rhythm with APB,1.0,4115173,Atrial premature complex,Condition,SNOMED
Ectopic atrial rhythm with premature supraventricular complexes,1.0,441872,Supraventricular premature beats,Condition,SNOMED
Ectopic atrial rhythm with ventricular premature complexes,1.0,4089462,Ventricular premature complex,Condition,SNOMED
Ectopic atrial tachycardia with 1st degree A-V block,1.0,314379,First degree atrioventricular block,Condition,SNOMED
Junctional bradycardia with multiple PVC,1.0,4166380,Junctional escape beats,Condition,SNOMED
Junctional bradycardia with Premature supraventricular complexes with occasional,1.0,4166380,Junctional escape beats,Condition,SNOMED
Junctional escape rhythm with premature ventricular complexes,1.0,4089462,Ventricular premature complex,Condition,SNOMED
Junctional rhythm with 1st degree A-V block,1.0,314379,First degree atrioventricular block,Condition,SNOMED
Junctional rhythm with 3rd degree AV block,1.0,320744,Complete atrioventricular block,Condition,SNOMED
Junctional rhythm with PAC,1.0,4115173,Atrial premature complex,Condition,SNOMED
Junctional rhythm with Premature supraventricular complexes with occasional,1.0,441872,Supraventricular premature beats,Condition,SNOMED
Junctional rhythm with PVC,1.0,4089462,Ventricular premature complex,Condition,SNOMED
Marked Sinus bradycardia with 1st degree A-V block,1.0,314379,First degree atrioventricular block,Condition,SNOMED
Marked sinus bradycardia with 1st degree AV block with premature supraventricular complexes with occasional,1.0,314379,First degree atrioventricular block,Condition,SNOMED
Marked sinus bradycardia with 1st degree A-V block with Premature supraventricular complexes with occasional,1.0,314379,First degree atrioventricular block,Condition,SNOMED
Marked sinus bradycardia with 1st degree A-V block with sinus arrhythmia,1.0,314379,First degree atrioventricular block,Condition,SNOMED
Marked sinus bradycardia with 2nd degree AV block (mobitz 1) with occasional,1.0,4205137,Mobitz type 1 second degree atrioventricular block,Condition,SNOMED
Marked sinus bradycardia with 2nd degree AV block (Mobitz I),1.0,4205137,Mobitz type 1 second degree atrioventricular block,Condition,SNOMED
Marked Sinus bradycardia with 2nd degree A-V block (Mobitz I),1.0,4205137,Mobitz type 1 second degree atrioventricular block,Condition,SNOMED
Marked sinus bradycardia with 2nd degree A-V block (Mobitz I) with Premature supraventricular complexes,1.0,4205137,Mobitz type 1 second degree atrioventricular block,Condition,SNOMED
Marked sinus bradycardia with 2nd degree AV block (Mobitz II) with premature supraventricular complexes,1.0,313780,Mobitz type II atrioventricular block,Condition,SNOMED
Marked sinus bradycardia with 2nd degree AV block with 2:1 A-V conduction,1.0,318448,Second degree atrioventricular block,Condition,SNOMED
Marked sinus bradycardia with APCs,1.0,4115173,Atrial premature complex,Condition,SNOMED
Marked sinus bradycardia with marked sinus arrhythmia with junctional escape complexes with ventricular escape complexes,1.0,4088347,Marked sinus arrhythmia,Condition,SNOMED
Marked sinus bradycardia with marked sinus arrhythmia with Premature supraventricular complexes,1.0,4088347,Marked sinus arrhythmia,Condition,SNOMED
Marked sinus bradycardia with premature supraventricular complexes with frequent,1.0,441872,Supraventricular premature beats,Condition,SNOMED
Marked sinus bradycardia with premature supraventricular complexes with occasional,1.0,441872,Supraventricular premature beats,Condition,SNOMED
Marked sinus bradycardia with PVC,1.0,4089462,Ventricular premature complex,Condition,SNOMED
Marked sinus bradycardia with short PR with Premature supraventricular complexes with occasional,1.0,4171521,Shortened PR interval,Condition,SNOMED
Marked sinus bradycardia with sinus arrhythmia with 1st degree AV block with occasional,1.0,4217221,Nodal rhythm disorder,Condition,SNOMED
Marked sinus bradycardia with sinus arrhythmia with junctional escape complexes,1.0,4217221,Nodal rhythm disorder,Condition,SNOMED
"Nonspecific ST and T wave abnormality , consider antrior ischemia",1.0,4327859,Nonspecific ST-T abnormality on electrocardiogram,Condition,SNOMED
"Nonspecific ST abnormality ,Consider anterior ischemia",1.0,4184762,EKG ST segment changes,Condition,SNOMED
Normal sinus rhythm with 1st degree A-V block and PVC,1.0,314379,First degree atrioventricular block,Condition,SNOMED
Normal sinus rhythm with 1st degree A-V block with APC,1.0,314379,First degree atrioventricular block,Condition,SNOMED
Normal sinus rhythm with 1st degree AV block with frequent,1.0,314379,First degree atrioventricular block,Condition,SNOMED
Normal sinus rhythm with 1st degree A-V block with junctional escape complexes,1.0,314379,First degree atrioventricular block,Condition,SNOMED
Normal sinus rhythm with 1st degree A-V block with Premature ventricular complexes,1.0,314379,First degree atrioventricular block,Condition,SNOMED
Normal sinus rhythm with 1st degree AV bolck,1.0,314379,First degree atrioventricular block,Condition,SNOMED
Normal sinus rhythm with 2:1 A-V conduction,1.0,4111570,Partial atrioventricular block,Condition,SNOMED
Normal sinus rhythm with 2nd degree AV block (mobitz 2),1.0,313780,Mobitz type II atrioventricular block,Condition,SNOMED
Normal sinus rhythm with 2nd degree AV block (Mobitz type ll),1.0,313780,Mobitz type II atrioventricular block,Condition,SNOMED
Normal sinus rhythm with 2nd degree A-V block with 2:1 A-V conduction,1.0,318448,Second degree atrioventricular block,Condition,SNOMED
Normal sinus rhythm with 3rd degree AV block,1.0,320744,Complete atrioventricular block,Condition,SNOMED
Normal sinus rhythm with APB,1.0,4115173,Atrial premature complex,Condition,SNOMED
Normal sinus rhythm with complete AV block,1.0,320744,Complete atrioventricular block,Condition,SNOMED
Normal sinus rhythm with frequent PVC,1.0,4088985,Multiple premature ventricular complexes,Condition,SNOMED
Normal sinus rhythm with Junctional rhythm,1.0,4038688,AV junctional rhythm,Condition,SNOMED
Normal sinus rhythm with premature atrial complexes,1.0,4115173,Atrial premature complex,Condition,SNOMED
Normal sinus rhythm with sinus arrhythmia with Premature ventricular complexes,1.0,4217221,Sinus arrhythmia,Condition,SNOMED
Normal sinus rhythm with sinus arrhythmia with VPB,1.0,4217221,Sinus arrhythmia,Condition,SNOMED
Normal sinus rhythm with sinus pause,1.0,4210313,Sinus arrest,Condition,SNOMED
Normal sinus rhythm with sinus pause with occasional,1.0,4210313,Sinus arrest,Condition,SNOMED
Normal sinus rhythm with Ventricular trigeminy,1.0,4088505,Ventricular trigeminy,Condition,SNOMED
"Nonspecific ST and T wave abnormality , consider anterior ischemia",1.0,4327859,Nonspecific ST-T abnormality on electrocardiogram,Condition,SNOMED
"Nonspecific ST and T wave abnormality , consider lateral ischemia",1.0,4327859,Nonspecific ST-T abnormality on electrocardiogram,Condition,SNOMED
"Nonspecific ST change, consider lateral ischemia",1.0,4184762,EKG ST segment changes,Condition,SNOMED
"Nonspecific ST-t change , consider anterior ischemia",1.0,4327859,Nonspecific ST-T abnormality on electrocardiogram,Condition,SNOMED
Premature atrial complexes and Premature ventricular complexes,1.0,4089462,Ventricular premature complex,Condition,SNOMED
Premature atrial complexes with Premature ventricular complexes,1.0,4089462,Ventricular premature complex,Condition,SNOMED
Premature ventricular complexes & junctional escape beat,1.0,4166380,Junctional escape beats,Condition,SNOMED
premature ventricular complexes & ventricular bigeminy,1.0,4008580,Ventricular bigeminy ,Condition,SNOMED
Premature ventricular complexes and APC,1.0,4115173,Atrial premature complex,Condition,SNOMED
Premature ventricular complexes and Prolonged QT,1.0,4008859,Prolonged QT interval,Condition,SNOMED
Premature ventricular complexes with 1st degree AV block,1.0,314379,First degree atrioventricular block,Condition,SNOMED
Premature ventricular complexes with 1st degree A-V block,1.0,314379,First degree atrioventricular block,Condition,SNOMED
Premature ventricular complexes with PAC,1.0,4115173,Atrial premature complex,Condition,SNOMED
premature ventricular complexes with premature atrial complexes,1.0,4115173,Atrial premature complex,Condition,SNOMED
PVC with 1st degree A-V block,1.0,314379,First degree atrioventricular block,Condition,SNOMED
sinus arrhythmia with 1st degree A-V block,1.0,314379,First degree atrioventricular block,Condition,SNOMED
sinus arrhythmia with 1st degree A-V block with occasional,1.0,314379,First degree atrioventricular block,Condition,SNOMED
sinus arrhythmia with Premature supraventricular complexes and escape Junctional rhythm,1.0,441872,Supraventricular premature beats,Condition,SNOMED
Sinus bradycardia with 1st degree A-V block with PAC,1.0,314379,First degree atrioventricular block,Condition,SNOMED
Sinus bradycardia with 1st degree AV block with premature supraventricular complexes with frequent,1.0,314379,First degree atrioventricular block,Condition,SNOMED
Sinus bradycardia with atrial premature complexes,1.0,4115173,Atrial premature complex,Condition,SNOMED
Sinus bradycardia with high degree 2:1 AV block,1.0,43020494,High degree second degree atrioventricular block,Condition,SNOMED
Sinus bradycardia with junctional escape beat,1.0,4166380,Junctional escape beats,Condition,SNOMED
Sinus bradycardia with maked sinus arrhythmia,1.0,4088347,Marked sinus arrhythmia,Condition,SNOMED
Sinus bradycardia with marked sinus arrhythmia and premature ventricular complexes,1.0,4088347,Marked sinus arrhythmia,Condition,SNOMED
Sinus bradycardia with marked sinus arrhythmia with 1st degree AV block with occasional,1.0,4088347,Marked sinus arrhythmia,Condition,SNOMED
Sinus bradycardia with marked sinus arrhythmia with premature supraventricular complexes,1.0,4088347,Marked sinus arrhythmia,Condition,SNOMED
Sinus bradycardia with premature atrial complexes with junctional escape complexes,1.0,4115173,Atrial premature complex,Condition,SNOMED
Sinus bradycardia with Premature atrial complexes with junctional escape complexes,1.0,4115173,Atrial premature complex,Condition,SNOMED
Sinus bradycardia with premature ventricular complexes,1.0,4089462,Ventricular premature complex,Condition,SNOMED
Sinus bradycardia with Premature ventricular complexes with 2nd degree A-V block (Mobitz II),1.0,4089462,Ventricular premature complex,Condition,SNOMED
Sinus bradycardia with short PR interval,1.0,4171521,Shortened PR interval,Condition,SNOMED
Sinus bradycardia with sinus arrhythmia with 1st degree AV block with occasional,1.0,4217221,Nodal rhythm disorder,Condition,SNOMED
"Nonspecific ST-t change , consider lateral ischemia",1.0,4327859,Nonspecific ST-T abnormality on electrocardiogram,Condition,SNOMED
Sinus rhythm and Wide QRS rhythm,1.0,4321877,Wide QRS complex,Condition,SNOMED
Sinus rhythm Frequent  APBs,1.0,4115173,Atrial premature complex,Condition,SNOMED
Sinus rhythm with 1st degree A-V block with atrial premature complexes,1.0,4115173,Atrial premature complex,Condition,SNOMED
Sinus rhythm with 1st degree AV block with premature supraventricular complexes and with frequent,1.0,441872,Supraventricular premature beats,Condition,SNOMED
Sinus rhythm with 1st degree AV block with premature supraventricular complexes and with occasional,1.0,441872,Supraventricular premature beats,Condition,SNOMED
Sinus rhythm with 1st degree A-V block with VPB,1.0,4089462,Ventricular premature complex,Condition,SNOMED
Sinus rhythm with 2nd degree (2:1 high grqde) AV block,1.0,43020494,High degree second degree atrioventricular block,Condition,SNOMED
Sinus rhythm with 2nd degree AV block (Mobitz I) with frequent,1.0,4205137,Mobitz type 1 second degree atrioventricular block,Condition,SNOMED
Sinus rhythm with 2nd degree AV block (Mobitz I) with occasional,1.0,4205137,Mobitz type 1 second degree atrioventricular block,Condition,SNOMED
Sinus rhythm with 2nd degree A-V block (Mobitz II) with frequent,1.0,313780,Mobitz type II atrioventricular block,Condition,SNOMED
Sinus rhythm with 2nd degree A-V block with 2:1 A-V conduction with occasional,1.0,318448,Second degree atrioventricular block,Condition,SNOMED
Sinus rhythm with 2nd degree A-V block with Premature atrial complexes,1.0,318448,Second degree atrioventricular block,Condition,SNOMED
Sinus rhythm with Accelerated Junctional rhythm,1.0,4145359,EKG: accelerated junctional rhythm,Condition,SNOMED
Sinus rhythm with and Premature atrial complexes,1.0,4115173,Atrial premature complex,Condition,SNOMED
Sinus rhythm with APBs,1.0,4115173,Atrial premature complex,Condition,SNOMED
Sinus rhythm with atrial premature beat,1.0,4115173,Atrial premature complex,Condition,SNOMED
Sinus rhythm with Atrial premature beat,1.0,4115173,Atrial premature complex,Condition,SNOMED
Sinus rhythm with frequent premature ventricular complexes.,1.0,4088985,Multiple premature ventricular complexes,Condition,SNOMED
Sinus rhythm with frequent premature ventricular complexs,1.0,4088985,Multiple premature ventricular complexes,Condition,SNOMED
Sinus rhythm with frequent PVC,1.0,4088985,Multiple premature ventricular complexes,Condition,SNOMED
Sinus rhythm with frequent ventricular premature complex,1.0,4088985,Multiple premature ventricular complexes,Condition,SNOMED
Sinus rhythm with Frequent VPBs,1.0,4088985,Multiple premature ventricular complexes,Condition,SNOMED
Sinus rhythm with marked sinus arrhythmia with 1st degree AV block with premature atrial complexes,1.0,314379,First degree atrioventricular block,Condition,SNOMED
Sinus rhythm with marked sinus arrhythmia with 1st degree A-V block with Premature supraventricular complexes and with frequent,1.0,314379,First degree atrioventricular block,Condition,SNOMED
Sinus rhythm with marked sinus arrhythmia with 1st degree A-V block with Premature supraventricular complexes and with occasional,1.0,314379,First degree atrioventricular block,Condition,SNOMED
Sinus rhythm with marked sinus arrhythmia with 1st degree A-V block with Premature supraventricular complexes with occasional,1.0,314379,First degree atrioventricular block,Condition,SNOMED
Sinus rhythm with marked sinus arrhythmia with Premature atrial complexes with junctional escape complexes,1.0,4115173,Atrial premature complex,Condition,SNOMED
Sinus rhythm with marked sinus arrhythmia with Premature supraventricular complexes and with frequent,1.0,441872,Supraventricular premature beats,Condition,SNOMED
Sinus rhythm with marked sinus arrhythmia with short PR with junctional escape complexes,1.0,4171521,Shortened PR interval,Condition,SNOMED
Sinus rhythm with marked sinus arrhythmia with VPB,1.0,4089462,Ventricular premature complex,Condition,SNOMED
Sinus rhythm with Mobitz I second degree AV block,1.0,4205137,Mobitz type I incomplete atrioventricular block,Condition,SNOMED
Sinus rhythm with multiple PVC,1.0,4088985,Multiple premature ventricular complexes,Condition,SNOMED
Sinus rhythm with occasional Premature ventricular complexes,1.0,4089462,Ventricular premature complex,Condition,SNOMED
Sinus rhythm with premature atrial complex,1.0,4115173,Atrial premature complex,Condition,SNOMED
Sinus rhythm with Premature atrial complexes and,1.0,4115173,Atrial premature complex,Condition,SNOMED
Sinus rhythm with Premature atrial complexes and PVC,1.0,4115173,Atrial premature complex,Condition,SNOMED
Sinus rhythm with Premature atrial complexes with 1st degree AV block,1.0,4115173,Atrial premature complex,Condition,SNOMED
Sinus rhythm with Premature atrial complexes with frequent,1.0,4115173,Atrial premature complex,Condition,SNOMED
Sinus rhythm with Premature atrial complexes with Premature ventricular complexes,1.0,4115173,Atrial premature complex,Condition,SNOMED
Sinus rhythm with premature atrial complexs,1.0,4115173,Atrial premature complex,Condition,SNOMED
Sinus rhythm with Premature atrial complexs,1.0,4115173,Atrial premature complex,Condition,SNOMED
Sinus rhythm with Premature ventricular complexes with premature atrial complexes,1.0,4089462,Ventricular premature complex,Condition,SNOMED
Sinus rhythm with Premature ventricular complexes with Premature atrial complexes,1.0,4089462,Ventricular premature complex,Condition,SNOMED
Sinus rhythm with PVC,1.0,4089462,Ventricular premature complex,Condition,SNOMED
Sinus rhythm with short PR with atrial premature complexes,1.0,4115173,Atrial premature complex,Condition,SNOMED
Sinus rhythm with short PR with Premature supraventricular complexes with frequent,1.0,441872,Supraventricular premature beats,Condition,SNOMED
Sinus rhythm with short PR with premature supraventricular complexes with occasional,1.0,441872,Supraventricular premature beats,Condition,SNOMED
Sinus rhythm with short PR with premature ventricular complexes,1.0,4089462,Ventricular premature complex,Condition,SNOMED
Sinus rhythm with sinus arrhythmia with 2nd degree AV block,1.0,4217221,Nodal rhythm disorder,Condition,SNOMED
Sinus rhythm with ventricular premature beat,1.0,4089462,Ventricular premature complex,Condition,SNOMED
Sinus rhythm with Ventricular premature complex,1.0,4089462,Ventricular premature complex,Condition,SNOMED
Sinus rhythm with Ventricular trigeminy,1.0,4088505,Ventricular trigeminy,Condition,SNOMED
Sinus rhythm with Ventricular-paced rhythm,1.0,4092038,Ventricular pacing pattern,Condition,SNOMED
Sinus rhythm with VPC,1.0,4089462,Ventricular premature complex,Condition,SNOMED
Sinus rhythm with Wide QRS rhythm,1.0,4321877,Wide QRS complex,Condition,SNOMED
Sinus rhythm with with 2nd degree A-V block (Mobitz I),1.0,4205137,Mobitz type 1 second degree atrioventricular block,Condition,SNOMED
Sinus rhythm with with 2nd degree A-V block (Mobitz II),1.0,313780,Mobitz type II atrioventricular block,Condition,SNOMED
Sinus rhythm with with Premature atrial complexes,1.0,4115173,Atrial premature complex,Condition,SNOMED
Sinus rhythm with with Premature supraventricular complexes,1.0,441872,Supraventricular premature beats,Condition,SNOMED
Sinus rhythm with with VPB,1.0,4089462,Ventricular premature complex,Condition,SNOMED
Sinus ryhthm with 1st degree AV block,1.0,314379,First degree atrioventricular block,Condition,SNOMED
Sinus tachycardia and Premature ventricular complexes,1.0,4089462,Ventricular premature complex,Condition,SNOMED
Sinus tachycardia with 2nd degree A-V block (Mobitz I) with PAC,1.0,4205137,Mobitz type I incomplete atrioventricular block,Condition,SNOMED
Sinus tachycardia with 2nd degree AV block (Mobitz II) with occasional,1.0,313780,Mobitz type II atrioventricular block,Condition,SNOMED
Sinus tachycardia with 2nd degree AV block (Mobitz II) with premature supraventricular complexes,1.0,313780,Mobitz type II atrioventricular block,Condition,SNOMED
Sinus tachycardia with 2nd degree A-V block with 3:1 A-V conduction with occasional,1.0,318448,Second degree atrioventricular block,Condition,SNOMED
Sinus tachycardia with 2nd degree AV block with 3:1 AV conduction with premature atrial complexes,1.0,318448,Second degree atrioventricular block,Condition,SNOMED
Sinus tachycardia with 2nd degree A-V block with 3:1 A-V conduction with Premature atrial complexes,1.0,318448,Second degree atrioventricular block,Condition,SNOMED
Sinus tachycardia with 2nd degree A-V block with 4:1 A-V conduction with Premature atrial complexes,1.0,318448,Second degree atrioventricular block,Condition,SNOMED
Sinus tachycardia with 2nd degree A-V block with Premature supraventricular complexes,1.0,318448,Second degree atrioventricular block,Condition,SNOMED
Sinus tachycardia with APB,1.0,4115173,Atrial premature complex,Condition,SNOMED
Sinus tachycardia with APC,1.0,4115173,Atrial premature complex,Condition,SNOMED
Sinus tachycardia with APCs,1.0,4115173,Atrial premature complex,Condition,SNOMED
Sinus tachycardia with complete AV block,1.0,320744,Complete atrioventricular block,Condition,SNOMED
Sinus tachycardia with Premature atrial complexes with 1st degree AV block,1.0,4115173,Atrial premature complex,Condition,SNOMED
Sinus tachycardia with Premature atrial complexes with frequent,1.0,4115173,Atrial premature complex,Condition,SNOMED
Sinus tachycardia with premature supraventricular complexes with junctional escape complexes,1.0,441872,Supraventricular premature beats,Condition,SNOMED
Sinus tachycardia with Premature supraventricular complexes with Premature ventricular complexes,1.0,441872,Supraventricular premature beats,Condition,SNOMED
Sinus tachycardia with Premature ventricular complexes and APCs,1.0,4089462,Ventricular premature complex,Condition,SNOMED
Sinus tachycardia with Premature ventricular complexes and Premature atrial complexes,1.0,4089462,Ventricular premature complex,Condition,SNOMED
Sinus tachycardia with short PR with Premature supraventricular complexes and with frequent,1.0,4171521,Shortened PR interval,Condition,SNOMED
Sinus tachycardia with short PR with Premature supraventricular complexes with frequent,1.0,4171521,Shortened PR interval,Condition,SNOMED
Sinus tachycardia with short PR with premature supraventricular complexes with occasional,1.0,4171521,Shortened PR interval,Condition,SNOMED
Sinus tachycardia with ventricular bigeminy,1.0,4008580,Ventricular bigeminy ,Condition,SNOMED
"Nonspecific T wave abnormality , lateral ischemia",1.0,4065390,EKG: T wave abnormal,Condition,SNOMED
"ST & T wave abnormality , consider anterior ischemia or digitalis effect with frequent",1.0,4327859,Nonspecific ST-T abnormality on electrocardiogram,Condition,SNOMED
"ST & T wave abnormality , consider inferior ischemia or digitalis effect with occasional",1.0,4327859,Nonspecific ST-T abnormality on electrocardiogram,Condition,SNOMED
"ST abnormality, Lateral ischemia",1.0,4184762,EKG ST segment changes,Condition,SNOMED
"ST change ,lateral ischemia",1.0,4184762,EKG ST segment changes,Condition,SNOMED
"ST & T wave abnormality , consider lateral ischemia with frequent",1.0,4327859,Nonspecific ST-T abnormality on electrocardiogram,Condition,SNOMED
"ST- T wave abnormality , consider lateral wall ischemia",1.0,4327859,Nonspecific ST-T abnormality on electrocardiogram,Condition,SNOMED
"T  wave abnormality, consider lateral ischemia",1.0,4065390,EKG: T wave abnormal,Condition,SNOMED
"T wave abnormality ,consider lateral ischemia",1.0,4065390,EKG: T wave abnormal,Condition,SNOMED
"Nonspecific ST abnormality ,consider inferior and lateral ischemia",1.0,4137879,EKG: lateral ischemia,Condition,SNOMED
"Nonspecific ST and T wave abnormality , anterolateral ischemia",1.0,4137879,EKG: lateral ischemia,Condition,SNOMED
"Nonspecific ST and T wave abnormality ,consider inferolateral ischemia",1.0,4137879,EKG: lateral ischemia,Condition,SNOMED
"ST & T wave abnormality , consider anterior ischemia and inferior ischemia",1.0,4137208,EKG: inferior ischemia,Condition,SNOMED
Supraventricular tachycardia with Premature supraventricular complexes and with frequent,1.0,441872,Supraventricular premature beats,Condition,SNOMED
Supraventricular tachycardia with premature supraventricular complexes with occasional,1.0,441872,Supraventricular premature beats,Condition,SNOMED
"ST & T wave abnormality , consider lateral & inferior ischemia",1.0,4137879,EKG: lateral ischemia,Condition,SNOMED
ST abnormality consider inferolateral ischemia,1.0,4137879,EKG: lateral ischemia,Condition,SNOMED
"ST abnormality, consider anterolateral ischemia",1.0,4137879,EKG: lateral ischemia,Condition,SNOMED
"ST-T change,consider anterolateral ischemia",1.0,4137879,EKG: lateral ischemia,Condition,SNOMED
"T wave abnormality , consider anterior&inferior ischemia",1.0,4137208,EKG: inferior ischemia,Condition,SNOMED
"T wave abnormality , consider inferior ischemia or digitalis effect with occasional",1.0,4065390,EKG: T wave abnormal,Condition,SNOMED
"T wave abnormality , consider inferior and lateral ischemia",1.0,4137879,EKG: lateral ischemia,Condition,SNOMED
"T wave abnormality , consider inferior ischemia & lateral ischemia",1.0,4137879,EKG: lateral ischemia,Condition,SNOMED
"Unusual P axis, possible ectopic atrial bradycardia with premature supraventricular complexes",1.0,4169095,Bradycardia,Condition,SNOMED
"Unusual P axis, possible ectopic atrial bradycardia with Premature supraventricular complexes and with occasional",1.0,4169095,Bradycardia,Condition,SNOMED
"Unusual P axis, possible ectopic atrial bradycardia with short PR",1.0,4169095,Bradycardia,Condition,SNOMED
"Unusual P axis, possible ectopic atrial rhythm with 1 degree AV block",1.0,4091898,Sinus rhythm,Condition,SNOMED
"Unusual P axis, possible ectopic atrial rhythm with 1st degree A-V block with occasional",1.0,4091898,Sinus rhythm,Condition,SNOMED
"Unusual P axis, possible ectopic atrial rhythm with Premature supraventricular complexes with frequent",1.0,4091898,Sinus rhythm,Condition,SNOMED
"Unusual P axis, possible ectopic atrial tachycardia with 2nd degree AV block with 2:1 AV conduction",1.0,444070,Tachycardia,Condition,SNOMED
"Unusual P axis, possible ectopic atrial tachycardia with 2nd degree A-V block with 4:1 A-V conduction with frequent",1.0,444070,Tachycardia,Condition,SNOMED
"Unusual P axis, possible ectopic atrial tachycardia with Premature supraventricular complexes and with occasional",1.0,444070,Tachycardia,Condition,SNOMED
"Unusual P axis, possible ectopic atrial tachycardia with Premature supraventricular complexes with frequent",1.0,444070,Tachycardia,Condition,SNOMED
ventricular-paced complexes and premature atrial complexes,1.0,4115173,Atrial premature complex,Condition,SNOMED
ventricular-paced complexes and Premature supraventricular complexes and with frequent,1.0,441872,Supraventricular premature beats,Condition,SNOMED
Ventricular-paced rhythm with junctional escape complexes,1.0,4166380,Junctional escape beats,Condition,SNOMED
Wide QRS rhythm with APB and VPB,1.0,4115173,Atrial premature complex,Condition,SNOMED
Wide QRS rhythm with Premature supraventricular complexes and with frequent,1.0,441872,Supraventricular premature beats,Condition,SNOMED
Wide QRS rhythm with Premature supraventricular complexes with frequent,1.0,441872,Supraventricular premature beats,Condition,SNOMED
Wide QRS tachycardia with Premature supraventricular complexes and with occasional,1.0,444070,Tachycardia,Condition,SNOMED
Wide QRS tachycardia with Premature supraventricular complexes with frequent,1.0,444070,Tachycardia,Condition,SNOMED
with sinus arrhythmia with 1st degree A-V block,1.0,314379,First degree atrioventricular block,Condition,SNOMED
"ST & T wave abnormality , consider anterolateral ischemia",13109.0,4327859,Nonspecific ST-T abnormality on electrocardiogram,Condition,SNOMED
"T wave abnormality , consider anterolateral ischemia",9915.0,4065390,EKG: T wave abnormal,Condition,SNOMED
"ST & T wave abnormality , consider inferolateral ischemia",4768.0,4327859,Nonspecific ST-T abnormality on electrocardiogram,Condition,SNOMED
ST & Marked T wave abnormality consider anterolateral ischemia,4362.0,4327859,Nonspecific ST-T abnormality on electrocardiogram,Condition,SNOMED
"T wave abnormality , consider inferolateral ischemia",3466.0,4065390,EKG: T wave abnormal,Condition,SNOMED
"ST & T wave abnormality , consider anterolateral ischemia or digitalis effect",2104.0,4327859,Nonspecific ST-T abnormality on electrocardiogram,Condition,SNOMED
Marked T wave abnormality consider anterolateral ischemia,1585.0,4065390,EKG: T wave abnormal,Condition,SNOMED
"ST & T wave abnormality , consider inferolateral ischemia or digitalis effect",1417.0,4327859,Nonspecific ST-T abnormality on electrocardiogram,Condition,SNOMED
Sinus rhythm with sinus arrhythmia with 1st degree A-V block,1181.0,314379,First degree atrioventricular block,Condition,SNOMED
"T wave abnormality , consider inferolateral ischemia or digitalis effect",541.0,4065390,EKG: T wave abnormal,Condition,SNOMED
"Marked T-wave abnormality, consider inferolateral ischemia",537.0,4065390,EKG: T wave abnormal,Condition,SNOMED
"T wave abnormality , consider anterolateral ischemia or digitalis effect",532.0,4065390,EKG: T wave abnormal,Condition,SNOMED
Sinus bradycardia with sinus arrhythmia with 1st degree A-V block,528.0,314379,First degree atrioventricular block,Condition,SNOMED
"ST & Marked T-wave abnormality, consider inferolateral ischemia",463.0,4327859,Nonspecific ST-T abnormality on electrocardiogram,Condition,SNOMED
"ST & Marked T wave abnormality , consider anterolateral ischemia",315.0,4327859,Nonspecific ST-T abnormality on electrocardiogram,Condition,SNOMED
Sinus rhythm with sinus arrhythmia with short PR,308.0,4171521,Shortened PR interval,Condition,SNOMED
Sinus bradycardia with marked sinus arrhythmia with 1st degree A-V block,251.0,314379,First degree atrioventricular block,Condition,SNOMED
Sinus bradycardia with 1st degree A-V block with Premature atrial complexes,231.0,4115173,Atrial premature complex,Condition,SNOMED
Marked sinus bradycardia with sinus arrhythmia with 1st degree A-V block,135.0,314379,First degree atrioventricular block,Condition,SNOMED
Sinus rhythm with sinus arrhythmia with 1st degree AV block,126.0,314379,First degree atrioventricular block,Condition,SNOMED
Sinus tachycardia with 1st degree A-V block with Premature atrial complexes,113.0,4115173,Atrial premature complex,Condition,SNOMED
Marked sinus bradycardia with marked sinus arrhythmia with 1st degree A-V block,101.0,314379,First degree atrioventricular block,Condition,SNOMED
"Unusual P axis, possible ectopic atrial rhythm with Premature atrial complexes",96.0,4115173,Atrial premature complex,Condition,SNOMED
"Marked T wave abnormality , consider anterolateral ischemia",94.0,4065390,EKG: T wave abnormal,Condition,SNOMED
Sinus bradycardia with sinus arrhythmia with 1st degree AV block,88.0,314379,First degree atrioventricular block,Condition,SNOMED
Sinus bradycardia with 1st degree A-V block with Premature supraventricular complexes,81.0,441872,Supraventricular premature beats,Condition,SNOMED
Sinus bradycardia with sinus arrhythmia with short PR,67.0,4171521,Shortened PR interval,Condition,SNOMED
Sinus rhythm with sinus arrhythmia with 1st degree A-V block with occasional,63.0,314379,First degree atrioventricular block,Condition,SNOMED
Sinus tachycardia with 1st degree A-V block with Premature supraventricular complexes,50.0,441872,Supraventricular premature beats,Condition,SNOMED
"Unusual P axis, possible ectopic atrial rhythm with Premature supraventricular complexes",49.0,441872,Supraventricular premature beats,Condition,SNOMED
Marked sinus bradycardia with 1st degree A-V block with Premature atrial complexes,44.0,4115173,Atrial premature complex,Condition,SNOMED
Sinus tachycardia with 2nd degree A-V block (Mobitz I) with Premature supraventricular complexes,42.0,441872,Supraventricular premature beats,Condition,SNOMED
Sinus tachycardia with short PR with Premature supraventricular complexes,39.0,441872,Supraventricular premature beats,Condition,SNOMED
Sinus tachycardia with short PR with Premature atrial complexes,32.0,4115173,Atrial premature complex,Condition,SNOMED
"Unusual P axis, possible ectopic atrial tachycardia with 2nd degree A-V block (Mobitz I)",32.0,4205137,Mobitz type 1 second degree atrioventricular block,Condition,SNOMED
Marked sinus bradycardia with sinus arrhythmia with 1st degree AV block,30.0,314379,First degree atrioventricular block,Condition,SNOMED
Marked sinus bradycardia with 1st degree A-V block with Premature supraventricular complexes,24.0,441872,Supraventricular premature beats,Condition,SNOMED
"Unusual P axis, possible ectopic atrial bradycardia with Premature atrial complexes",24.0,4115173,Atrial premature complex,Condition,SNOMED
"Unusual P axis, possible ectopic atrial tachycardia with Premature atrial complexes",24.0,4115173,Atrial premature complex,Condition,SNOMED
Sinus rhythm with 2nd degree A-V block (Mobitz I) with Premature supraventricular complexes,23.0,441872,Supraventricular premature beats,Condition,SNOMED
Sinus rhythm with marked sinus arrhythmia with 1st degree A-V block with Premature atrial complexes,23.0,4115173,Atrial premature complex,Condition,SNOMED
"Unusual P axis, possible ectopic atrial tachycardia with Premature supraventricular complexes",23.0,441872,Supraventricular premature beats,Condition,SNOMED
Junctional bradycardia with Premature supraventricular complexes,22.0,441872,Supraventricular premature beats,Condition,SNOMED
Sinus rhythm with sinus arrhythmia with junctional escape complexes,22.0,4166380,Junctional escape beats,Condition,SNOMED
"Marked T wave abnormality , consider inferolateral ischemia",20.0,4065390,EKG: T wave abnormal,Condition,SNOMED
Normal sinus rhythm with sinus arrhythmia with 1st degree A-V block,19.0,314379,First degree atrioventricular block,Condition,SNOMED
Sinus bradycardia with marked sinus arrhythmia with 1st degree AV block,19.0,314379,First degree atrioventricular block,Condition,SNOMED
Sinus rhythm with 2nd degree A-V block (Mobitz II) with Premature supraventricular complexes,19.0,441872,Supraventricular premature beats,Condition,SNOMED
Sinus rhythm with marked sinus arrhythmia with 1st degree A-V block with junctional escape complexes,19.0,4166380,Junctional escape beats,Condition,SNOMED
Sinus rhythm with Premature atrial complexes with junctional escape complexes,18.0,4166380,Junctional escape beats,Condition,SNOMED
Sinus bradycardia with marked sinus arrhythmia with Premature atrial complexes,16.0,4115173,Atrial premature complex,Condition,SNOMED
"ST & Marked T wave abnormality , consider inferolateral ischemia",16.0,4327859,Nonspecific ST-T abnormality on electrocardiogram,Condition,SNOMED
Sinus bradycardia with 1st degree AV block with premature atrial complexes,15.0,4115173,Atrial premature complex,Condition,SNOMED
Sinus bradycardia with marked sinus arrhythmia with Premature supraventricular complexes,15.0,441872,Supraventricular premature beats,Condition,SNOMED
Sinus rhythm with sinus arrhythmia with 1st degree A-V block with frequent,15.0,314379,First degree atrioventricular block,Condition,SNOMED
"Unusual P axis, possible ectopic atrial rhythm with 1st degree A-V block",15.0,314379,First degree atrioventricular block,Condition,SNOMED
Sinus bradycardia with marked sinus arrhythmia with short PR,14.0,4171521,Shortened PR interval,Condition,SNOMED
"Unusual P axis, possible ectopic atrial tachycardia with 2nd degree A-V block with 2:1 A-V conduction",14.0,318448,Second degree atrioventricular block,Condition,SNOMED
Marked sinus bradycardia with marked sinus arrhythmia with 1st degree AV block,12.0,314379,First degree atrioventricular block,Condition,SNOMED
Sinus tachycardia with Premature supraventricular complexes with junctional escape complexes,12.0,4166380,Junctional escape beats,Condition,SNOMED
"Unusual P axis, possible ectopic atrial bradycardia with Premature supraventricular complexes",12.0,441872,Supraventricular premature beats,Condition,SNOMED
Sinus bradycardia with sinus arrhythmia with 1st degree A-V block with occasional,11.0,314379,First degree atrioventricular block,Condition,SNOMED
Sinus rhythm with Premature supraventricular complexes with junctional escape complexes,11.0,4166380,Junctional escape beats,Condition,SNOMED
Sinus rhythm with marked sinus arrhythmia with 1st degree A-V block with Premature supraventricular complexes,10.0,441872,Supraventricular premature beats,Condition,SNOMED
Wide QRS tachycardia with Premature supraventricular complexes,10.0,441872,Supraventricular premature beats,Condition,SNOMED
Sinus bradycardia with short PR with Premature supraventricular complexes,9.0,441872,Supraventricular premature beats,Condition,SNOMED
"Unusual P axis, possible ectopic atrial tachycardia with 2nd degree A-V block with 3:1 A-V conduction",9.0,318448,Second degree atrioventricular block,Condition,SNOMED
Sinus bradycardia with 1st degree AV block with premature supraventricular complexes,8.0,441872,Supraventricular premature beats,Condition,SNOMED
Sinus tachycardia with Premature atrial complexes with junctional escape complexes,8.0,4166380,Junctional escape beats,Condition,SNOMED
Marked sinus bradycardia with sinus arrhythmia with short PR,7.0,4171521,Shortened PR interval,Condition,SNOMED
Atrial fibrillation with slow ventricular response with Premature ventricular complexes,6.0,4089462,Ventricular premature complex,Condition,SNOMED
Normal sinus rhythm with sinus arrhythmia with short PR,6.0,4171521,Shortened PR interval,Condition,SNOMED
Sinus bradycardia with 1st degree A-V block with Premature supraventricular complexes and with occasional,6.0,441872,Supraventricular premature beats,Condition,SNOMED
Sinus rhythm with sinus arrhythmia with short PR with occasional,6.0,4171521,Shortened PR interval,Condition,SNOMED
"Unusual P axis, possible ectopic atrial rhythm with premature atrial complexes",6.0,4115173,Atrial premature complex,Condition,SNOMED
"Unusual P axis, possible ectopic atrial tachycardia with Premature supraventricular complexes with occasional",6.0,441872,Supraventricular premature beats,Condition,SNOMED
Premature ventricular complexes and Premature atrial complexes with junctional escape complexes,5.0,4166380,Junctional escape beats,Condition,SNOMED
Sinus bradycardia with 1st degree A-V block with Premature supraventricular complexes with occasional,5.0,441872,Supraventricular premature beats,Condition,SNOMED
Sinus bradycardia with Premature supraventricular complexes with junctional escape complexes,5.0,4166380,Junctional escape beats,Condition,SNOMED
Sinus rhythm with 2nd degree AV block (Mobitz II) with premature supraventricular complexes,5.0,441872,Supraventricular premature beats,Condition,SNOMED
Sinus tachycardia with 1st degree AV block with premature supraventricular complexes,5.0,441872,Supraventricular premature beats,Condition,SNOMED
Sinus tachycardia with 1st degree A-V block with Premature supraventricular complexes and with occasional,5.0,441872,Supraventricular premature beats,Condition,SNOMED
"Unusual P axis, possible ectopic atrial tachycardia with 2nd degree A-V block (Mobitz II)",5.0,313780,Mobitz type II atrioventricular block,Condition,SNOMED
Marked sinus bradycardia with marked sinus arrhythmia with Premature atrial complexes,4.0,4115173,Atrial premature complex,Condition,SNOMED
Sinus bradycardia with marked sinus arrhythmia with 1st degree A-V block with occasional,4.0,314379,First degree atrioventricular block,Condition,SNOMED
Sinus rhythm with 2nd degree A-V block (Mobitz I) with Premature supraventricular complexes with occasional,4.0,441872,Supraventricular premature beats,Condition,SNOMED
Sinus rhythm with sinus arrhythmia with 1st degree AV block with occasional,4.0,314379,First degree atrioventricular block,Condition,SNOMED
Sinus tachycardia with 1st degree A-V block with junctional escape complexes,4.0,4166380,Junctional escape beats,Condition,SNOMED
Sinus tachycardia with 2nd degree A-V block (Mobitz I) with Premature supraventricular complexes and with occasional,4.0,441872,Supraventricular premature beats,Condition,SNOMED
Sinus tachycardia with 2nd degree A-V block (Mobitz II) with Premature supraventricular complexes,4.0,441872,Supraventricular premature beats,Condition,SNOMED
Sinus tachycardia with short PR with Premature supraventricular complexes and with occasional,4.0,441872,Supraventricular premature beats,Condition,SNOMED
"Unusual P axis, possible ectopic atrial rhythm with premature supraventricular complexes",4.0,441872,Supraventricular premature beats,Condition,SNOMED
"Unusual P axis, possible ectopic atrial tachycardia with 2nd degree A-V block with 4:1 A-V conduction",4.0,318448,Second degree atrioventricular block,Condition,SNOMED
Marked sinus bradycardia with marked sinus arrhythmia with 1st degree A-V block with occasional,3.0,314379,First degree atrioventricular block,Condition,SNOMED
Marked sinus bradycardia with Premature atrial complexes with junctional escape complexes,3.0,4166380,Junctional escape beats,Condition,SNOMED
Sinus bradycardia with 2nd degree A-V block (Mobitz I) with Premature supraventricular complexes,3.0,441872,Supraventricular premature beats,Condition,SNOMED
Sinus bradycardia with 2nd degree A-V block (Mobitz II) with Premature supraventricular complexes,3.0,441872,Supraventricular premature beats,Condition,SNOMED
Sinus bradycardia with marked sinus arrhythmia with short PR with occasional,3.0,4171521,Shortened PR interval,Condition,SNOMED
Sinus bradycardia with sinus arrhythmia with 1st degree A-V block with frequent,3.0,314379,First degree atrioventricular block,Condition,SNOMED
Sinus rhythm with 2nd degree A-V block with 2:1 A-V conduction with Premature atrial complexes,3.0,4115173,Atrial premature complex,Condition,SNOMED
Sinus rhythm with Premature atrial complexes with 1st degree A-V block,3.0,314379,First degree atrioventricular block,Condition,SNOMED
Sinus rhythm with premature atrial complexes with junctional escape complexes,3.0,4166380,Junctional escape beats,Condition,SNOMED
Sinus rhythm with sinus arrhythmia with short PR with frequent,3.0,4171521,Shortened PR interval,Condition,SNOMED
Sinus tachycardia with 1st degree AV block with premature atrial complexes,3.0,4115173,Atrial premature complex,Condition,SNOMED
Sinus tachycardia with 1st degree A-V block with Premature supraventricular complexes with occasional,3.0,441872,Supraventricular premature beats,Condition,SNOMED
Sinus tachycardia with 2nd degree A-V block with 2:1 A-V conduction with Premature atrial complexes,3.0,4115173,Atrial premature complex,Condition,SNOMED
Sinus tachycardia with 2nd degree A-V block with 2:1 A-V conduction with Premature supraventricular complexes,3.0,441872,Supraventricular premature beats,Condition,SNOMED
"Unusual P axis, possible ectopic atrial bradycardia with Premature supraventricular complexes with occasional",3.0,441872,Supraventricular premature beats,Condition,SNOMED
"Unusual P axis, possible ectopic atrial rhythm with 1st degree A-V block with frequent",3.0,314379,First degree atrioventricular block,Condition,SNOMED
"Unusual P axis, possible ectopic atrial rhythm with 2nd degree A-V block with 2:1 A-V conduction",3.0,318448,Second degree atrioventricular block,Condition,SNOMED
"Unusual P axis, possible ectopic atrial rhythm with Premature supraventricular complexes with occasional",3.0,441872,Supraventricular premature beats,Condition,SNOMED
"Unusual P axis, possible ectopic atrial tachycardia with 2nd degree A-V block (Mobitz I) with occasional",3.0,4205137,Mobitz type 1 second degree atrioventricular block,Condition,SNOMED
Atrial fibrillation with slow ventricular response with ventricular premature complexes,2.0,4089462,Ventricular premature complex,Condition,SNOMED
Marked sinus bradycardia with 1st degree AV block with premature atrial complexes,2.0,4115173,Atrial premature complex,Condition,SNOMED
Marked sinus bradycardia with short PR with Premature supraventricular complexes,2.0,441872,Supraventricular premature beats,Condition,SNOMED
Normal sinus rhythm with sinus arrhythmia with Premature atrial complexes,2.0,4115173,Atrial premature complex,Condition,SNOMED
Sinus bradycardia with marked sinus arrhythmia with 1st degree A-V block with frequent,2.0,314379,First degree atrioventricular block,Condition,SNOMED
Sinus bradycardia with Premature atrial complexes with 1st degree A-V block,2.0,314379,First degree atrioventricular block,Condition,SNOMED
Sinus rhythm with marked sinus arrhythmia with short PR with Premature supraventricular complexes,2.0,441872,Supraventricular premature beats,Condition,SNOMED
Sinus rhythm with Premature atrial complexes and Premature ventricular complexes,2.0,4089462,Ventricular premature complex,Condition,SNOMED
Sinus rhythm with premature supraventricular complexes with junctional escape complexes,2.0,4166380,Junctional escape beats,Condition,SNOMED
Sinus rhythm with sinus arrhythmia with Premature atrial complexes,2.0,4115173,Atrial premature complex,Condition,SNOMED
Sinus rhythm with sinus arrhythmia with Premature ventricular complexes,2.0,4089462,Ventricular premature complex,Condition,SNOMED
Sinus tachycardia with 1st degree A-V block with Premature supraventricular complexes and with frequent,2.0,441872,Supraventricular premature beats,Condition,SNOMED
Sinus tachycardia with 2nd degree A-V block (Mobitz I) with Premature supraventricular complexes with occasional,2.0,441872,Supraventricular premature beats,Condition,SNOMED
Sinus tachycardia with 2nd degree A-V block with Premature atrial complexes,2.0,4115173,Atrial premature complex,Condition,SNOMED
Sinus tachycardia with short PR with Premature supraventricular complexes with occasional,2.0,441872,Supraventricular premature beats,Condition,SNOMED
"Nonspecific T wave abnormality , anterolateral ischemia",2.0,4065390,EKG: T wave abnormal,Condition,SNOMED
"ST change, consider anterolateral ischemia",2.0,4184762,EKG ST segment changes,Condition,SNOMED
"T wave change, consider anterolateral ischemia",2.0,4065390,EKG: T wave abnormal,Condition,SNOMED
"Unusual P axis, possible ectopic atrial bradycardia with premature atrial complexes",2.0,4115173,Atrial premature complex,Condition,SNOMED
"Unusual P axis, possible ectopic atrial rhythm with 2nd degree A-V block (Mobitz I)",2.0,4205137,Mobitz type I incomplete atrioventricular block,Condition,SNOMED
"Unusual P axis, possible ectopic atrial rhythm with 2nd degree A-V block (Mobitz II)",2.0,313780,Mobitz type II atrioventricular block,Condition,SNOMED
"Unusual P axis, possible ectopic atrial tachycardia with 2nd degree A-V block (Mobitz I) with frequent",2.0,4205137,Mobitz type 1 second degree atrioventricular block,Condition,SNOMED
Wide QRS tachycardia with premature supraventricular complexes,2.0,441872,Supraventricular premature beats,Condition,SNOMED
Wide QRS tachycardia with Premature supraventricular complexes and with frequent,2.0,441872,Supraventricular premature beats,Condition,SNOMED
Wide QRS tachycardia with Premature supraventricular complexes with occasional,2.0,441872,Supraventricular premature beats,Condition,SNOMED
Atrial fibrillation with slow ventricular response with multiple PVC,1.0,4088985,Multiple premature ventricular complexes,Condition,SNOMED
Atrial fibrillation with slow ventricular response with premature ventricular complexes,1.0,4089462,Ventricular premature complex,Condition,SNOMED
Atrial fibrillation with slow ventricular response with VPB,1.0,4089462,Ventricular premature complex,Condition,SNOMED
Atrial fibrillation with slow ventricular response with VPC,1.0,4089462,Ventricular premature complex,Condition,SNOMED
Atrial fibrillation with slow ventricular response with VPCs,1.0,4089462,Ventricular premature complex,Condition,SNOMED
Atrial flutter with 2:1 A-V conduction with Premature ventricular complexes,1.0,4089462,Ventricular premature complex,Condition,SNOMED
Atrial flutter with 3:1 A-V conduction with premature ventricular complexes,1.0,4089462,Ventricular premature complex,Condition,SNOMED
Junctional bradycardia with multiple PVC,1.0,4088985,Multiple premature ventricular complexes,Condition,SNOMED
Junctional bradycardia with Premature supraventricular complexes with occasional,1.0,441872,Supraventricular premature beats,Condition,SNOMED
Marked sinus bradycardia with 1st degree AV block with premature supraventricular complexes with occasional,1.0,441872,Supraventricular premature beats,Condition,SNOMED
Marked sinus bradycardia with 1st degree A-V block with Premature supraventricular complexes with occasional,1.0,441872,Supraventricular premature beats,Condition,SNOMED
Marked sinus bradycardia with 1st degree A-V block with sinus arrhythmia,1.0,4217221,Nodal rhythm disorder,Condition,SNOMED
Marked sinus bradycardia with 2nd degree A-V block (Mobitz I) with Premature supraventricular complexes,1.0,441872,Supraventricular premature beats,Condition,SNOMED
Marked sinus bradycardia with 2nd degree AV block (Mobitz II) with premature supraventricular complexes,1.0,441872,Supraventricular premature beats,Condition,SNOMED
Marked sinus bradycardia with marked sinus arrhythmia with junctional escape complexes with ventricular escape complexes,1.0,4166380,Junctional escape beats,Condition,SNOMED
Marked sinus bradycardia with marked sinus arrhythmia with Premature supraventricular complexes,1.0,441872,Supraventricular premature beats,Condition,SNOMED
Marked sinus bradycardia with short PR with Premature supraventricular complexes with occasional,1.0,441872,Supraventricular premature beats,Condition,SNOMED
Marked sinus bradycardia with sinus arrhythmia with 1st degree AV block with occasional,1.0,314379,First degree atrioventricular block,Condition,SNOMED
Marked sinus bradycardia with sinus arrhythmia with junctional escape complexes,1.0,4166380,Junctional escape beats,Condition,SNOMED
Normal sinus rhythm with 1st degree A-V block and PVC,1.0,4089462,Ventricular premature complex,Condition,SNOMED
Normal sinus rhythm with 1st degree A-V block with APC,1.0,4115173,Atrial premature complex,Condition,SNOMED
Normal sinus rhythm with 1st degree A-V block with junctional escape complexes,1.0,4166380,Junctional escape beats,Condition,SNOMED
Normal sinus rhythm with 1st degree AV bolck,1.0,4089462,Ventricular premature complex,Condition,SNOMED
Normal sinus rhythm with sinus arrhythmia with Premature ventricular complexes,1.0,4089462,Ventricular premature complex,Condition,SNOMED
Normal sinus rhythm with sinus arrhythmia with VPB,1.0,4089462,Ventricular premature complex,Condition,SNOMED
sinus arrhythmia with Premature supraventricular complexes and escape Junctional rhythm,1.0,4166380,Junctional escape beats,Condition,SNOMED
Sinus bradycardia with 1st degree A-V block with PAC,1.0,4115173,Atrial premature complex,Condition,SNOMED
Sinus bradycardia with 1st degree AV block with premature supraventricular complexes with frequent,1.0,441872,Supraventricular premature beats,Condition,SNOMED
Sinus bradycardia with marked sinus arrhythmia and premature ventricular complexes,1.0,4089462,Ventricular premature complex,Condition,SNOMED
Sinus bradycardia with marked sinus arrhythmia with 1st degree AV block with occasional,1.0,314379,First degree atrioventricular block,Condition,SNOMED
Sinus bradycardia with marked sinus arrhythmia with premature supraventricular complexes,1.0,441872,Supraventricular premature beats,Condition,SNOMED
Sinus bradycardia with premature atrial complexes with junctional escape complexes,1.0,4166380,Junctional escape beats,Condition,SNOMED
Sinus bradycardia with Premature atrial complexes with junctional escape complexes,1.0,4166380,Junctional escape beats,Condition,SNOMED
Sinus bradycardia with Premature ventricular complexes with 2nd degree A-V block (Mobitz II),1.0,313780,Mobitz type II atrioventricular block,Condition,SNOMED
Sinus bradycardia with sinus arrhythmia with 1st degree AV block with occasional,1.0,314379,First degree atrioventricular block,Condition,SNOMED
Sinus rhythm with 2nd degree A-V block with Premature atrial complexes,1.0,4115173,Atrial premature complex,Condition,SNOMED
Sinus rhythm with marked sinus arrhythmia with 1st degree AV block with premature atrial complexes,1.0,4115173,Atrial premature complex,Condition,SNOMED
Sinus rhythm with marked sinus arrhythmia with 1st degree A-V block with Premature supraventricular complexes and with frequent,1.0,441872,Supraventricular premature beats,Condition,SNOMED
Sinus rhythm with marked sinus arrhythmia with 1st degree A-V block with Premature supraventricular complexes and with occasional,1.0,441872,Supraventricular premature beats,Condition,SNOMED
Sinus rhythm with marked sinus arrhythmia with 1st degree A-V block with Premature supraventricular complexes with occasional,1.0,441872,Supraventricular premature beats,Condition,SNOMED
Sinus rhythm with marked sinus arrhythmia with Premature atrial complexes with junctional escape complexes,1.0,4166380,Junctional escape beats,Condition,SNOMED
Sinus rhythm with marked sinus arrhythmia with short PR with junctional escape complexes,1.0,4166380,Junctional escape beats,Condition,SNOMED
Sinus rhythm with Premature atrial complexes and PVC,1.0,4089462,Ventricular premature complex,Condition,SNOMED
Sinus rhythm with Premature atrial complexes with 1st degree AV block,1.0,314379,First degree atrioventricular block,Condition,SNOMED
Sinus rhythm with Premature atrial complexes with Premature ventricular complexes,1.0,4089462,Ventricular premature complex,Condition,SNOMED
Sinus rhythm with Premature ventricular complexes with premature atrial complexes,1.0,4115173,Atrial premature complex,Condition,SNOMED
Sinus rhythm with Premature ventricular complexes with Premature atrial complexes,1.0,4115173,Atrial premature complex,Condition,SNOMED
Sinus rhythm with sinus arrhythmia with 2nd degree AV block,1.0,318448,Second degree atrioventricular block,Condition,SNOMED
Sinus tachycardia with 2nd degree A-V block (Mobitz I) with PAC,1.0,4115173,Atrial premature complex,Condition,SNOMED
Sinus tachycardia with 2nd degree AV block (Mobitz II) with premature supraventricular complexes,1.0,441872,Supraventricular premature beats,Condition,SNOMED
Sinus tachycardia with 2nd degree AV block with 3:1 AV conduction with premature atrial complexes,1.0,4115173,Atrial premature complex,Condition,SNOMED
Sinus tachycardia with 2nd degree A-V block with 3:1 A-V conduction with Premature atrial complexes,1.0,4115173,Atrial premature complex,Condition,SNOMED
Sinus tachycardia with 2nd degree A-V block with 4:1 A-V conduction with Premature atrial complexes,1.0,4115173,Atrial premature complex,Condition,SNOMED
Sinus tachycardia with 2nd degree A-V block with Premature supraventricular complexes,1.0,441872,Supraventricular premature beats,Condition,SNOMED
Sinus tachycardia with Premature atrial complexes with 1st degree AV block,1.0,314379,First degree atrioventricular block,Condition,SNOMED
Sinus tachycardia with premature supraventricular complexes with junctional escape complexes,1.0,4166380,Junctional escape beats,Condition,SNOMED
Sinus tachycardia with Premature supraventricular complexes with Premature ventricular complexes,1.0,4089462,Ventricular premature complex,Condition,SNOMED
Sinus tachycardia with Premature ventricular complexes and APCs,1.0,4115173,Atrial premature complex,Condition,SNOMED
Sinus tachycardia with Premature ventricular complexes and Premature atrial complexes,1.0,4115173,Atrial premature complex,Condition,SNOMED
Sinus tachycardia with short PR with Premature supraventricular complexes and with frequent,1.0,441872,Supraventricular premature beats,Condition,SNOMED
Sinus tachycardia with short PR with Premature supraventricular complexes with frequent,1.0,441872,Supraventricular premature beats,Condition,SNOMED
Sinus tachycardia with short PR with premature supraventricular complexes with occasional,1.0,441872,Supraventricular premature beats,Condition,SNOMED
"Nonspecific ST abnormality ,consider inferior and lateral ischemia",1.0,4184762,EKG ST segment changes,Condition,SNOMED
"Nonspecific ST and T wave abnormality , anterolateral ischemia",1.0,4327859,Nonspecific ST-T abnormality on electrocardiogram,Condition,SNOMED
"Nonspecific ST and T wave abnormality ,consider inferolateral ischemia",1.0,4327859,Nonspecific ST-T abnormality on electrocardiogram,Condition,SNOMED
"ST & T wave abnormality , consider anterior ischemia and inferior ischemia",1.0,4327859,Nonspecific ST-T abnormality on electrocardiogram,Condition,SNOMED
"ST & T wave abnormality , consider lateral & inferior ischemia",1.0,4327859,Nonspecific ST-T abnormality on electrocardiogram,Condition,SNOMED
ST abnormality consider inferolateral ischemia,1.0,4184762,EKG ST segment changes,Condition,SNOMED
"ST abnormality, consider anterolateral ischemia",1.0,4184762,EKG ST segment changes,Condition,SNOMED
"ST-T change,consider anterolateral ischemia",1.0,4327859,Nonspecific ST-T abnormality on electrocardiogram,Condition,SNOMED
"T wave abnormality , consider anterior&inferior ischemia",1.0,4065390,EKG: T wave abnormal,Condition,SNOMED
"T wave abnormality , consider inferior and lateral ischemia",1.0,4065390,EKG: T wave abnormal,Condition,SNOMED
"T wave abnormality , consider inferior ischemia & lateral ischemia",1.0,4065390,EKG: T wave abnormal,Condition,SNOMED
"Unusual P axis, possible ectopic atrial bradycardia with premature supraventricular complexes",1.0,441872,Supraventricular premature beats,Condition,SNOMED
"Unusual P axis, possible ectopic atrial bradycardia with Premature supraventricular complexes and with occasional",1.0,441872,Supraventricular premature beats,Condition,SNOMED
"Unusual P axis, possible ectopic atrial bradycardia with short PR",1.0,4171521,Shortened PR interval,Condition,SNOMED
"Unusual P axis, possible ectopic atrial rhythm with 1 degree AV block",1.0,314379,First degree atrioventricular block,Condition,SNOMED
"Unusual P axis, possible ectopic atrial rhythm with 1st degree A-V block with occasional",1.0,314379,First degree atrioventricular block,Condition,SNOMED
"Unusual P axis, possible ectopic atrial rhythm with Premature supraventricular complexes with frequent",1.0,441872,Supraventricular premature beats,Condition,SNOMED
"Unusual P axis, possible ectopic atrial tachycardia with 2nd degree AV block with 2:1 AV conduction",1.0,318448,Second degree atrioventricular block,Condition,SNOMED
"Unusual P axis, possible ectopic atrial tachycardia with 2nd degree A-V block with 4:1 A-V conduction with frequent",1.0,318448,Second degree atrioventricular block,Condition,SNOMED
"Unusual P axis, possible ectopic atrial tachycardia with Premature supraventricular complexes and with occasional",1.0,441872,Supraventricular premature beats,Condition,SNOMED
"Unusual P axis, possible ectopic atrial tachycardia with Premature supraventricular complexes with frequent",1.0,441872,Supraventricular premature beats,Condition,SNOMED
Wide QRS rhythm with APB and VPB,1.0,4089462,Ventricular premature complex,Condition,SNOMED
Wide QRS tachycardia with Premature supraventricular complexes and with occasional,1.0,441872,Supraventricular premature beats,Condition,SNOMED
Wide QRS tachycardia with Premature supraventricular complexes with frequent,1.0,441872,Supraventricular premature beats,Condition,SNOMED
